smiles,pka
Oc1cc2ccccc2n[nH+]1,0.21
O=C(O)C(F)(F)F,0.23
Cn1cnc2c1c(O)[nH+]c([O-])[n+]2C,0.3
CC(C)CNC(O)=S,0.38
CCCNC(O)=S,0.52
O=C(O)c1c([N+](=O)[O-])cc([N+](=O)[O-])cc1[N+](=O)[O-],0.65
CCCCNC(O)=S,0.67
O=C(O)c1cc([N+](=O)[O-])cc([N+](=O)[O-])c1O,0.7
Cn1c(C(=O)O)cc(=O)n(C)c1=O,0.8
Cc1cccc(C(=O)O)[nH+]1,0.9
CCNC(O)=S,0.92
O=C(O)c1c(O)cccc1O,1.05
O=C(O)c1cc(-c2ccccc2)n[nH+]c1NCC[NH+]1CCOCC1,1.1
O=C(O)c1c([N+](=O)[O-])cccc1[N+](=O)[O-],1.14
Cc1cc(O)[nH+]c(O)[nH+]1,1.2
O=[N+]([O-])c1cccc(S(=O)O)c1,1.21
O=C(O)C(=O)c1ccccc1,1.22
O=C(O)c1cccc[nH+]1,1.25
NC1=[NH+]C2CC(N1)[NH2+]C2C(=O)O,1.3
Nc1ccc[nH+]c1C(=O)O,1.33
O=C(O)c1c(Cl)cccc1[N+](=O)[O-],1.34
Cc1ccc(C(=O)C(=O)O)cc1C,1.36
C[NH+](C)c1ccccc1C(=O)O,1.4
O=C(O)c1ccc([N+](=O)[O-])c2cccnc12,1.41
O=C(O)c1ccc([N+](=O)[O-])cc1[N+](=O)[O-],1.42
Cc1ccc(C)c(C(=O)C(=O)O)c1,1.45
O=C(O)c1c(Cl)ccc(Cl)c1C(=O)O,1.46
N#Cc1nn[nH]c1C#N,1.47
O=C(O)c1c(Cl)ccc(Cl)c1Cl,1.5
O=C(O)C(Cl)=NO,1.5
O=C(O)c1cc(=O)cco1,1.5
O=C(O)c1cc(=O)cc(-c2ccccc2)o1,1.51
C[NH+]1CSCC1C(=O)O,1.51
Cc1ccc(C(=O)C(=O)O)cc1,1.52
O=C(O)c1c(Cl)cccc1Cl,1.59
O=C(O)c1cc([N+](=O)[O-])ccc1[N+](=O)[O-],1.62
CCC#CC#CC#CC(=O)O,1.67
O=C(O)c1c(O)cc(O)cc1O,1.68
O=C1COC(=O)C1[N+](=O)[O-],1.68
[NH3+]C(Cc1ccc[nH+]c1)C(=O)O,1.69
O=C(O)c1cc[nH+]cc1,1.71
O=S(O)c1ccccc1,1.72
C[n+]1ccc(C(=O)O)cc1,1.72
O=C1NS(=O)(=O)c2ccccc21,1.76
O=C(O)c1ccc2ccccc2[nH+]1,1.79
O=C(O)C#CC[NH+]1CCOCC1,1.79
Cc1ccc(S(=O)O)cc1,1.82
Cn1c[nH+]cc1CC([NH3+])C(=O)O,1.84
O=C(O)c1cccc([N+](=O)[O-])c1[N+](=O)[O-],1.85
Cn1cnc2c(O)[nH+]cnc21,1.86
O=S(O)Cc1ccccc1,1.86
O=C(O)c1cccc([N+](=O)[O-])c1O,1.87
Cc1cccc([N+](=O)[O-])c1C(=O)O,1.87
C#CC(=O)O,1.89
O=C(O)C#CCl,1.89
Nc1nc2c(ncn2C2OC(CO)C(O)C2O)c(O)[nH+]1,1.9
O=C(O)c1cccc2ccc[nH+]c12,1.9
O=C(O)C#CBr,1.9
N#CC(O)=C(C#N)C#N,1.9
O=C(O)CSc1[nH]c2cc3ccccc3cc2[nH+]1,1.9
CCC#CC#CC(=O)O,1.91
O=C(O)C1CC(O)C[NH2+]1,1.92
[NH3+]C(Cc1ccccc1)c1nnn[nH]1,1.93
CC1SC(C)(C(=O)O)OC1=O,1.94
C=C(C)C1C[NH2+]C(C(=O)O)C1CC(=O)OC,1.95
Cc1ccc(C=CC(=O)C(=O)O)cc1,1.96
COc1c(Cl)ccc(Cl)c1C(=O)O,1.97
O=C(O)C(=O)C=Cc1ccccc1,1.97
CC[NH+](CC)CC(=O)O,1.98
C[NH+](C)CC(=O)O,1.99
Cc1c(F)c(F)c(C(=O)O)c(F)c1F,2
CC1CCC2C(C)CCC(C(=O)O)[NH+]2C1,2
[NH3+]CCNC(=S)S,2
C=C(C)C1C[NH2+]C(C(=O)O)C1CC(N)=O,2.01
O=C(O)c1cccc([N+](=O)[O-])c1Cl,2.02
O=C(O)c1ccc[nH+]c1,2.03
Nc1ccc(C(=O)O)c(O)c1,2.05
O=S(O)CCCc1ccccc1,2.05
O=C(O)c1ccc([N+](=O)[O-])o1,2.06
Clc1nnn[nH]1,2.07
Clc1nn[nH]n1,2.07
O=[N+]([O-])c1cc(Cl)c(O)c([N+](=O)[O-])c1,2.1
O=S(O)CCc1ccccc1,2.1
O=C(O)Cn1nnnc1-c1ccccc1,2.11
O=C(O)C#CSc1ccccc1,2.11
O=C(O)c1cc([N+](=O)[O-])ccc1O,2.12
O=C(O)Cn1ncnn1,2.12
Brc1nnn[nH]1,2.13
O=C1COC(=O)C1Cl,2.13
O=C(O)c1ccc([N+](=O)[O-])cc1Cl,2.14
Cc1nnnn1CC(=O)O,2.16
O=C(O)c1cc([N+](=O)[O-])ccc1Cl,2.17
O=C(O)c1cc(Cl)cc([N+](=O)[O-])c1,2.17
CCCCS(=O)O,2.2
[NH3+]C(Cc1n[nH]c2ccccc12)C(=O)O,2.2
[NH3+]C(Cn1cccn1)C(=O)O,2.2
CCC[NH2+]C(C)C(=O)O,2.21
C[NH2+]C(C)C(=O)O,2.22
CC[NH2+]C(C)C(=O)O,2.22
O=C1COC(=O)C1Br,2.23
Cc1nnn(CC(=O)O)n1,2.23
CC(=O)N1CS(=O)(=O)CC1C(=O)O,2.23
N#CC(Cc1ccccc1)C(=O)O,2.24
O=C(O)/C(I)=C\c1ccccc1,2.24
C[NH2+]CC(=O)O,2.24
[NH3+]C(Cc1c[nH]c[nH+]1)C(=O)NC(Cc1c[nH]c[nH+]1)C(=O)O,2.25
Cc1n[nH]c(C(=O)O)c1[N+](=O)[O-],2.26
CCS(=O)O,2.27
O=C(O)Cn1cnnn1,2.27
CC1(C)OC(=O)CC2C(C(=O)O)[NH2+]CC21,2.27
CC(C#N)(Cc1ccccc1)C(=O)O,2.29
NC(=O)CN(CC(=O)O)CC(=O)O,2.29
C[n+]1cccc(C(=O)O)c1,2.29
O=C(O)c1cc(I)cc(I)c1O,2.3
Cc1ccc(C)n1-c1ccc(C(=O)O)c(O)c1,2.3
CC(C)(C)C(=O)C(=O)O,2.3
O=C1COC(=O)C1I,2.31
CC[NH2+]CC(=O)O,2.31
CCC[NH2+]CC(=O)O,2.31
CCCC[NH2+]CC(=O)O,2.32
CCCS(=O)O,2.35
CS(=O)O,2.35
CC(C)=CCC1C(=O)C(C(=O)CC(C)C)=C(O)C1O,2.35
CC(C)[NH2+]CC(=O)O,2.35
CC(C#N)C(=O)O,2.37
Nc1nnnn1CC(=O)O,2.38
O=C(O)c1cc2cc(Cn3cc[nH+]c3)ccc2o1,2.38
O=C(c1ccccc1)c1cccc([N+](=O)[O-])c1C(=O)O,2.39
CC(C)([NH3+])C(=O)O,2.39
COC(=O)CC1C(C(=O)O)[NH2+]CC1C(C)O,2.4
NC1=[NH+]C(C(=O)O)C(C(O)C[NH3+])N1,2.4
C=C1CC1CC([NH3+])C(=O)O,2.4
Cc1cc(O)[nH+]c2c1CCO2,2.42
O=C(S)c1ccccc1,2.44
CC(=O)C(=O)O,2.45
CC(C)C12C[NH2+]C(C(=O)O)C1CC(=O)O2,2.45
N#CCC(=O)O,2.46
O=C(O)c1cc(Cl)ccc1Cl,2.47
O=C(O)c1ccccc1C(=O)Nc1ccccc1,2.5
[NH3+]C(CCCCN1C(=O)CC([NH3+])C1=O)C(=O)O,2.5
O=C(O)C1CCCC[NH2+]1,2.5
CC(=O)N1CS(=O)CC1C(=O)O,2.5
O=[N+]([O-])c1cc([N+](=O)[O-])c2cn[nH]c2c1O,2.5
CC(C)(C)CC#CC(=O)O,2.54
C=CC(Cl)C(=O)O,2.54
CCC(Br)C(=O)O,2.55
C=C(F)C(=O)O,2.55
Cc1ccc([N+](=O)[O-])c(C(=O)O)c1,2.55
O=C(O)CF,2.56
O=C(O)c1nccs1,2.57
Cc1ccc(C(=O)S)cc1,2.59
CCC#CC(=O)O,2.6
[NH3+]CC(=O)NC(Cc1c[nH]c[nH+]1)C(=O)O,2.61
O=C(O)c1cc(I)ccc1O,2.62
CC1(C)SC2C(NC(=O)Cc3ccc(O)cc3)C(=O)N2C1C(=O)O,2.62
[NH3+]Cc1nnn[nH]1,2.62
CC#CC(=O)O,2.63
O=C(O)C12C[NH2+]CCC1O2,2.63
Cn1c[nH+]cc1CC(NC(=O)CC[NH3+])C(=O)O,2.64
O=C(O)c1cc(Cl)ccc1O,2.65
O=C(O)c1cc(Br)ccc1O,2.66
CC(C)(C)C#CC(=O)O,2.66
[NH3+]C1(C(=O)O)CCCCC1,2.66
O=C(O)c1ccc(Cl)cc1Cl,2.68
O=C(O)COc1nc(Cl)c(Cl)cc1Cl,2.68
O=C(O)c1ccc([N+](=O)[O-])s1,2.68
O=C(O)c1sccc1[N+](=O)[O-],2.68
Cc1ccc(C(=O)O)c([N+](=O)[O-])c1,2.68
O=C(O)c1cc(Cl)co1,2.69
NC(=[NH2+])NOCC(=O)O,2.69
O=C(O)c1cc(F)ccc1O,2.7
Cc1cccc(I)c1C(=O)O,2.7
CC1(CC2CCOC2)CC2C34COC(=O)CC3OC(C)(C)C4CC(=O)C2(C)C2(C1)OC2C(=O)O,2.7
O=C(O)c1cnccn1,2.7
O=C(O)c1c(F)c(F)cc(F)c1F,2.71
c1ccc(-c2nnn[nH]2)c(-c2nnn[nH]2)c1,2.71
O=C(O)c1c(F)c(F)c(F)c(F)c1F,2.72
O=C(O)COc1ccc(Cl)cc1Cl,2.73
O=P1(O)CCCCC1,2.73
O=C(O)c1cc([N+](=O)[O-])ccc1F,2.73
O=C(O)c1cc2cc(Cn3cc[nH+]c3)ccc2s1,2.74
Cc1cccc(Cl)c1C(=O)O,2.75
CC(C)CS(=O)O,2.75
Fc1cc(F)c(F)c(S)c1F,2.75
O=C(O)c1ccccc1C(=O)O,2.76
CC(C)CC([NH3+])C(=O)NC(Cc1c[nH]c[nH+]1)C(=O)O,2.76
CC1(C)SC2C(NC(=O)Cc3ccccc3)C(=O)N2C1C(=O)O,2.76
O=C(O)c1nsc2ccccc12,2.76
O=C(O)C1c2ccccc2-c2ccccc21,2.765
CCN(CC)S(=O)(=O)c1ccsc1C(=O)O,2.77
O=C(O)C(=O)C(c1ccccc1)c1ccccc1,2.78
[NH3+]CC(O)C(=O)O,2.78
O=C(O)c1cc2ccccc2cc1O,2.79
O=C(Nc1ccc(Br)cc1C(=O)O)c1cccc(S(=O)(=O)N2CCOCC2)c1,2.79
O=C(O)CC(c1[nH]cc[nH+]1)c1[nH]cc[nH+]1,2.79
CC(Cl)C(=O)O,2.8
Cc1ccc(OCC(=O)NC2C(=O)N3C2SC(C)(C)C3C(=O)O)cc1,2.8
O=C(O)c1ccnnc1,2.8
O=C(Nc1ccc(Cl)cc1C(=O)O)c1cccc(S(=O)(=O)N2CCOCC2)c1,2.81
O=C(O)c1cc([N+](=O)[O-])cc([N+](=O)[O-])c1,2.82
O=C(O)c1ccc([N+](=O)[O-])c([N+](=O)[O-])c1,2.82
O=C(O)c1c(F)ccc(F)c1F,2.82
CC(C)C(Br)C(=O)O,2.82
OCCNC(=S)S,2.82
O=C(O)COc1cc(Cl)c(Cl)cc1Cl,2.83
O=C(O)c1cc([N+](=O)[O-])cs1,2.83
Cn1nnnc1CC(=O)O,2.83
CC(Oc1cc(Cl)c(Cl)cc1Cl)C(=O)O,2.84
CCC(Cl)C(=O)O,2.84
CS(=O)(=O)c1ccc(NS(=O)(=O)C(F)(F)F)cc1,2.84
O=C(O)c1cc2ccccc2o1,2.84
Cc1ccc(Sc2ccc([N+](=O)[O-])cc2C(=O)O)cc1,2.84
CCC=CCC(=O)NC1C(=O)N2C1SC(C)(C)C2C(=O)O,2.84
O=C(O)c1c(F)cccc1F,2.85
COCCNC(=S)S,2.85
Ic1nnn[nH]1,2.85
Ic1nn[nH]n1,2.85
O=C(OC1OC(C(=O)O)C(O)C(O)C1O)c1ccccc1,2.85
O=C(O)c1ncccn1,2.85
CCn1nnnc1CC(=O)O,2.85
O=C(O)CCl,2.85
O=C(O)c1cc([N+](=O)[O-])ccc1C(=O)c1ccccc1,2.86
O=C(O)c1cc[n+]([O-])cc1,2.86
O=C(O)c1cccc([N+](=O)[O-])c1C(=O)c1ccccc1,2.87
CN(C)C(=S)OCC(=O)O,2.87
O=C(O)c1ccccc1Br,2.88
O=C1Cc2c1cc([N+](=O)[O-])c(O)c2Br,2.88
O=C(O)c1ccccc1Cl,2.89
O=C(O)COc1ccc([N+](=O)[O-])cc1,2.89
O=C(O)COc1ccccc1[N+](=O)[O-],2.9
CC(Oc1ccc(Oc2ncc(C(F)(F)F)cc2Cl)cc1)C(=O)O,2.9
Cc1c(Cc2ccccc2S(=O)(=O)c2ccccc2)c2c(n1CC(=O)O)CCN(C(C)C)C2=O,2.9
Cc1c(Cc2ccccc2S(=O)(=O)c2ccccc2)c2c(n1CC(=O)O)CCN(C)C2=O,2.9
Cc1cccc(C(=O)O)c1Br,2.9
O=C(O)CC1[NH2+]Nc2ccccc21,2.9
O=C(O)c1cccc(O)c1O,2.91
[NH3+]CC(=O)NCC(=O)NCC(=O)N1CCCC1C(=O)O,2.91
Cc1cccc(C(=O)O)c1[N+](=O)[O-],2.91
Cc1cc([N+](=O)[O-])ccc1C(=O)O,2.91
O=C(O)COc1ccc(Cl)c(Cl)c1,2.92
Cc1cccc(C(=O)O)c1I,2.92
O=C(Nc1ccc(F)cc1C(=O)O)c1cccc(S(=O)(=O)N2CCOCC2)c1,2.92
O=C(O)C1(O)c2ccccc2-c2ccccc21,2.92
N#Cc1ccc(OCC(=O)O)cc1,2.93
O=C(O)c1ccc(I)o1,2.94
CC(=O)N1CSCC1C(=O)O,2.94
CC(=O)NC(Cc1c[nH]c[nH+]1)C(=O)O,2.94
Cc1cccc(C(=O)O)c1O,2.95
O=C(O)c1cc(O)ccc1O,2.95
O=C(O)COc1cccc([N+](=O)[O-])c1,2.95
Cc1ccc(I)c(C(=O)O)c1,2.95
CC1(C(=O)O)CCC=[N+]1[O-],2.95
[NH3+]CC(=O)N1CCCC1C(=O)O,2.95
S=C(S)NC1CCCCC1,2.95
O=[N+]([O-])c1cc(Cl)cc([N+](=O)[O-])c1O,2.96
CCC(C(=O)O)C(=O)O,2.96
O=C(O)COc1ccc(Cl)c([N+](=O)[O-])c1,2.96
CCN(CC)S(=O)(=O)c1ccccc1C(=O)O,2.96
O=C(O)c1ccccc1O,2.97
Cc1c(C(=O)O)cc([N+](=O)[O-])cc1[N+](=O)[O-],2.97
CC(Br)C(=O)O,2.97
[NH3+]c1cccc(OC2OC(C(=O)O)C(O)C(O)C2O)c1,2.97
S=C(S)N1CCCC1,2.97
CSC(=S)N(C)CC(=O)O,2.98
O=[N+]([O-])c1ccccc1-c1nnn[nH]1,2.98
Cc1c(C(=O)O)cccc1[N+](=O)[O-],2.98
CCCC(C(=O)O)C(=O)O,2.99
O=C(O)c1cncs1,2.99
O=C(O)C(O)Cc1c[nH]c[nH+]1,2.99
CC(=O)c1ccc(C(=O)O)s1,3
Cc1cccc(C(=O)O)c1Cl,3
O=C(O)c1cnc(Cl)s1,3
Cc1c(Cc2ccccc2S(=O)(=O)c2ccccc2)c2c(n1CC(=O)O)CCNC2=O,3
O=C(O)c1c2ccccc2[nH+]c2ccccc12,3
O=C(O)C1OC(Oc2ccc3[nH+]cccc3c2)C(O)C(O)C1O,3
O=C(O)C1OC(Oc2c[nH+]c3ccccc3c2)C(O)C(O)C1O,3
O=C1CC(=O)C(=O)C1,3
NC(=O)C1CC(=O)NC1C(=O)O,3
O=C(O)C1OC(Oc2cccc3ccc[nH+]c23)C(O)C(O)C1O,3.01
CN(C)C(=O)OCC(=O)O,3.01
O=C(O)COc1ccccc1O,3.02
O=C(Nc1ccccc1)c1cc([N+](=O)[O-])ccc1O,3.03
N#Cc1cccc(OCC(=O)O)c1,3.03
Cc1cnc(C(=O)O)s1,3.03
O=C(O)C(O)c1cccc([N+](=O)[O-])c1,3.03
CC(C)=C(C#N)C(=O)O,3.04
O=C(O)COc1ccccc1Cl,3.05
[NH3+]C(CCc1ccc([N+](=O)[O-])cc1)C(=O)O,3.05
O=C(O)C(O)(c1ccccc1)c1ccccc1,3.05
CC(C)CCC([NH3+])C(=O)O,3.06
O=C(O)COc1cccc(Cl)c1,3.07
N#CC(=CC(=O)O)c1ccccc1,3.07
O=P1(O)CCC1,3.07
Cn1cnc2c(O)[nH+]c(N)nc21,3.07
O=C(O)c1cc(F)c(F)c(F)c1F,3.08
O=C(O)COc1ccccc1F,3.08
CP(C)(=O)O,3.08
O=[N+]([O-])c1ccc(-c2nnn[nH]2)cc1,3.08
O=C(O)COc1cccc(Br)c1,3.09
Cc1ccc(C(=O)O)c(Br)c1,3.09
CC(=O)CC(=O)O,3.09
[NH3+]c1cccc(C(=O)O)c1,3.09
O=C(O)C#COc1ccccc1,3.09
CC(Oc1ccc(Cl)cc1Cl)C(=O)O,3.1
O=C(O)COc1ccc(Cl)cc1,3.1
CC1=C(C)C(C(C)C(=O)O)=CC1=O,3.1
Cc1c(Cc2ccccc2S(=O)(=O)c2cccc(Cl)c2)c2c(n1CC(=O)O)CCNC2=O,3.1
[NH3+]c1ccc(OC2OC(C(=O)O)C(O)C(O)C2O)cc1,3.1
CC1(C)SC2C(C(=O)[O-])[NH+]=C(CCCC([NH3+])C(=O)[O-])N2C1C(=O)O,3.1
O=C(O)C1OC(Oc2cccc3[nH+]cccc23)C(O)C(O)C1O,3.1
CC(C)NC(=S)S,3.1
O=C(O)c1cc2ccccc2s1,3.1
O=C(O)Cc1nnnn1-c1ccccc1,3.1
O=C(O)c1ccc(O)cc1O,3.11
Cc1ccc2ccccc2c1C(=O)O,3.11
O=C(O)c1cc(Br)cs1,3.11
O=C(O)c1cc(C(=O)O)cc(C(=O)O)c1,3.12
CC(C(=O)O)C(=O)O,3.12
COc1ccc(NC(=O)c2cccc(S(=O)(=O)N3CCOCC3)c2)c(C(=O)O)c1,3.12
Cc1ccc(Cl)c(C(=O)O)c1,3.12
CC(Oc1ccc(Oc2ccc(C(F)(F)F)cn2)cc1)C(=O)O,3.12
CN(c1nc([N+](=O)[O-])n[nH]1)[N+](=O)[O-],3.12
Cc1cc(Cl)ccc1OCC(=O)O,3.13
O=C(O)COc1cccc(F)c1,3.13
O=C(O)COc1ccc(F)cc1,3.13
O=C(O)COc1cccc(I)c1,3.13
O=C(O)COc1ccc(Br)cc1,3.13
O=C(O)COc1ccccc1Br,3.13
COc1c(C)cc2c(c1C(=O)O)COC2,3.13
COc1cccc(OCC(=O)O)c1,3.14
Cc1ccc(O)c(C(=O)O)c1,3.15
O=C(O)c1cc(-c2ccc(F)cc2F)ccc1O,3.15
CS(=O)(=O)Nc1ccc(CC([NH3+])C(=O)O)cc1,3.15
Nc1nc2c(ncn2C2C=CC(CO)C2)c(O)[nH+]1,3.15
O=C(O)C1COCCO1,3.15
O=C(O)COc1ccc(I)cc1,3.16
CC(=O)N(C)CC(=O)O,3.16
O=C(O)CI,3.16
O=C(O)COc1ccccc1,3.17
O=C(O)COc1ccccc1I,3.17
O=C(Nc1ccccc1C(=O)O)c1cccc(S(=O)(=O)N2CCOCC2)c1,3.18
O=C(O)c1ccco1,3.18
O=C(O)CSc1ccccc1[N+](=O)[O-],3.18
O=C1C=C(O)c2ccccc2C1=O,3.19
O=C1C=C(O)C(=O)c2ccccc21,3.19
CSC(=S)NCC(=O)O,3.19
O=C(O)COc1cccc2ccccc12,3.2
Cc1ccc(C(=O)O)c(I)c1,3.2
CC(=O)N1CC2(C(C)C)OC(=O)CC2C1C(=O)O,3.2
O=C(O)c1cccc(=O)cc1,3.2
Cc1cc(-c2c(C)noc2O)on1,3.2
Cc1cccc([NH3+])c1C(=O)O,3.2
O=C(O)CSc1ccc([N+](=O)[O-])cc1,3.2
Cc1ccc(OCC(=O)O)cc1,3.21
COc1ccc(OCC(=O)O)cc1,3.21
CC(I)C(=O)O,3.21
C/C=C(\Cl)C(=O)O,3.22
N#Cc1ccc(OC2OC(C(=O)O)C(O)C(O)C2O)cc1,3.22
CCP(=O)(O)CC,3.22
CC=C(Cl)C(=O)O,3.22
COc1ccccc1OCC(=O)O,3.23
Cc1ccccc1OCC(=O)O,3.23
CC#CC#CCC(=O)O,3.23
CNC(=O)/C=C(/C)C(=O)O,3.23
CCCCCP(=O)(O)CCCCC,3.23
CNC(=O)C=C(C)C(=O)O,3.23
O=C(O)C12CC3(F)CC(F)(CC(F)(C3)C1)C2,3.24
CCCCCCP(=O)(O)CCCCCC,3.24
O=C(O)c1csc([N+](=O)[O-])c1,3.24
CCC(C)CC([NH3+])C(=O)O,3.25
O=[N+]([O-])c1cccc(-c2nnn[nH]2)c1,3.25
CC(C)CP(=O)(O)CC(C)C,3.25
Cc1ncc(C(=O)O)s1,3.26
CC(C)CCP(=O)(O)CCC(C)C,3.26
O=C(O)c1ccc(=O)oc1,3.26
CC(=O)c1c(C(=O)O)cccc1[N+](=O)[O-],3.26
O=C(O)c1ccccc1F,3.27
Cc1ccc(C(=O)O)c(Cl)c1,3.27
O=C(O)c1cscn1,3.27
CC(=O)c1ccc([N+](=O)[O-])cc1C(=O)O,3.27
O=C(O)c1cc(F)c(F)cc1F,3.28
O=C(O)c1csc(Br)n1,3.28
O=C(O)c1ccc(Cl)c([N+](=O)[O-])c1,3.29
Cc1ccc(C(=O)O)cc1Br,3.29
O=C(O)c1cccc(F)c1F,3.29
O=C(O)[c+]1cccccc1,3.29
O=C(O)c1cc(F)ccc1F,3.3
O=C(O)c1ccc(F)c(F)c1F,3.3
O=C(NC1CCCCC1C(=O)O)c1ccccc1,3.3
CC1CCCC(C(=O)O)c2nnnn21,3.3
Cc1c(Cc2ccccc2S(=O)(=O)c2ccccc2)c2c(n1CC(=O)O)CCN(Cc1ccccc1)C2=O,3.3
O=C(O)/C(I)=C/c1ccccc1,3.3
O=C(O)c1ccc(Br)s1,3.3
O=C(O)c1csc(Cl)n1,3.3
O=CC(=O)O,3.3
[NH3+]c1ccccc1OC1OC(C(=O)O)C(O)C(O)C1O,3.3
Oc1onc2c1CC[NH+](Cc1ccccc1)CC2,3.3
O=C(O)Cn1cccc1,3.3
Oc1onc2c1CC[NH2+]CC2,3.3
COc1ccc(-c2cc(C(=O)O)[nH]n2)cc1,3.31
C#CCC(=O)O,3.31
Cc1cccc(O)c1C(=O)O,3.32
Cc1cc2ccccc2c(C(=O)O)c1C,3.33
CCCP(=O)(O)CCC,3.33
O=C(O)/C=C/C(=O)c1ccccc1,3.34
O=C(O)C=CC(=O)c1ccccc1,3.34
CN(C)C(=S)SCC(=O)O,3.34
Cc1ccc(C)n1-c1ccc(Cl)cc1C(=O)O,3.35
Cc1c(Br)cccc1C(=O)O,3.36
Cc1ccc(NC(=O)c2cccc(S(=O)(=O)N3CCOCC3)c2)c(C(=O)O)c1,3.36
Cc1ccccc1OC(C)C(=O)O,3.37
CCC(CC)C(=O)OC1OC(C(=O)O)C(O)C(O)C1O,3.37
CCc1ccc(C(=O)/C=C/C(=O)O)cc1,3.38
O=C(O)C1CCc2ccccc2O1,3.38
CCc1ccc(C(=O)C=CC(=O)O)cc1,3.38
CC(O)(c1ccccc1)C(C(=O)O)c1ccc(-c2ccccc2)cc1,3.38
O=C(O)C1CC[NH2+]C1,3.38
c1cc(-c2nn[nH]n2)cc(-c2nnn[nH]2)c1,3.38
O=[N+]([O-])c1cc(Br)c(O)c(Br)c1,3.39
O=C(O)c1cnoc1,3.39
CCCN(CCC)S(=O)(=O)c1ccc(C(=O)O)cc1,3.4
Cc1ccc(C(=O)O)c(O)c1,3.4
CC(=O)Nc1ccccc1C(=O)O,3.4
Nc1cc(Cl)cc(C(=O)O)c1Cl,3.4
CN1c2ccc(C#N)cc2N=C(c2ccc(C(=O)O)c(F)c2)c2cc3c(cc21)C(C)(C)CCC3(C)C,3.4
C=C(SC1CCCCC1)C(=O)O,3.4
CC(C)c1ccc(C(=O)/C=C/C(=O)O)cc1,3.4
CCOC(=O)c1cc(C#N)c(N2CC(C(=O)NS(=O)(=O)Cc3ccc(C)cc3)C2)nc1C,3.4
CC(c1ccccc1)N(CC(=O)O)S(=O)(=O)c1ccc(OC(F)F)cc1,3.4
O=C(O)/C=C(\I)c1ccccc1,3.4
O=C(c1ccc(Cl)cc1)c1ccc2n1CCC2C(=O)O,3.4
Cc1[nH]c(C(=O)NC2CCN(c3ncc(C(=O)O)s3)CC2)c(Cl)c1Cl,3.4
O=C(O)CN(Cc1ccccc1)S(=O)(=O)c1ccc(OC(F)F)cc1,3.4
O=C(O)Cn1ccc2ccccc21,3.4
CC(C)c1ccc(C(=O)C=CC(=O)O)cc1,3.4
O=[N+]([O-])c1ccc(S)c([N+](=O)[O-])c1,3.4
O=C(O)CSc1cccc([N+](=O)[O-])c1,3.4
CC(C)CN(CC(C)C)C(=S)S,3.4
C=CC#CCC(=O)O,3.41
O=C(O)c1ccc(-c2ccc(Cl)c(OC3OC(CO)C(O)C(O)C3O)c2)cc1,3.41
O=C(O)c1ccc(Cl)s1,3.41
O=C(O)C(O)c1ccccc1,3.41
CCC(C)(O)C(C(=O)O)c1ccc(-c2ccccc2)cc1,3.41
COc1ccc(C(O)C(=O)O)cc1,3.42
CC(C)(C)c1ccc(C(=O)/C=C/C(=O)O)cc1,3.42
Cc1ccc(C(=O)O)o1,3.42
CC(C)(C)c1ccc(C(=O)C=CC(=O)O)cc1,3.42
C=C(C)C(C)(C(N)=O)C(=O)O,3.42
CC(C)Oc1ccc(C(=O)c2ccc3n2CCC3C(=O)O)cc1,3.43
CCC(Oc1ccccc1C)C(=O)O,3.43
C[N+]1(CCC(=O)O)CCCCC1,3.43
Cc1c(Cl)cccc1C(=O)O,3.43
O=C(O)c1ccc[se]1,3.43
Cc1cc(C)c(C)c(C(=O)O)c1C,3.43
O=C(O)c1ccc([N+](=O)[O-])cc1,3.44
COc1cccc(OC)c1C(=O)O,3.44
Cc1cc(C(C)(C)C)cc(C)c1C(=O)O,3.44
Cc1ccc(C(=O)/C=C/C(=O)O)cc1,3.44
Cc1ccc(C(=O)c2ccc3n2CCC3C(=O)O)cc1,3.44
Cc1cccc(C(=O)c2ccc3n2CCC3C(=O)O)c1,3.44
Cc1ccccc1C(=O)c1ccc2n1CCC2C(=O)O,3.44
N#CCC(C(=O)O)c1ccccc1,3.44
O=C(O)CC#Cc1ccccc1,3.44
O=C(c1cccc(Cl)c1)c1ccc2n1CCC2C(=O)O,3.44
Cc1ccc(C(=O)C=CC(=O)O)cc1,3.44
Cn1nnc(CC(=O)O)n1,3.44
Cc1cc(C)c(C(=O)O)c(C)c1,3.45
CC1CCC(O)(C(C(=O)O)c2ccc(-c3ccccc3)cc2)CC1,3.45
N#Cc1cccc(-c2nn[nH]n2)c1,3.45
O=C(O)C[Se]c1ccccc1[N+](=O)[O-],3.45
O=C(O)c1cccc([N+](=O)[O-])c1,3.46
O=C(O)c1ccccc1-c1ccccc1,3.46
COc1cccc(C)c1C(=O)O,3.46
CCOc1ccc(C(=O)c2ccc3n2CCC3C(=O)O)cc1,3.46
CCOc1cccc(C(=O)c2ccc3n2CCC3C(=O)O)c1,3.46
Cc1ccccc1SCC(=O)O,3.46
O=C(c1cccc(F)c1)c1ccc2n1CCC2C(=O)O,3.46
O=C(O)c1cccs1,3.46
NS(=O)(=O)c1ccc(C(=O)O)cc1,3.47
O=P(O)(C1CCCCC1)C1CCCCC1,3.47
O=C(O)COc1ccc(Cl)cc1C1CCCCCC1,3.48
CC(C)C(C(=O)O)N1CC(NC(=O)Cc2ccccc2)C1=O,3.48
O=Cc1cc([N+](=O)[O-])cc(Br)c1O,3.48
CC(=O)Oc1ccccc1C(=O)O,3.49
O=C(c1ccccc1)c1ccc2n1CCC2C(=O)O,3.49
CC(C)(C)OOCC(=O)O,3.49
[NH3+]c1ccc(CC(=O)O)cc1,3.49
O=C(O)Cc1ccc([N+](=O)[O-])cc1[N+](=O)[O-],3.5
Cc1ccc(C)n1-c1ccc(SCC(=O)O)cc1,3.5
CCCC12CCC(=O)C(C)=C1c1c(cc(OCC(=O)O)c(Cl)c1Cl)C2,3.5
Cn1nccc1-c1cc(Cl)ccc1Oc1cc(F)c(S(=O)(=O)Nc2ncns2)cc1F,3.5
O=C(O)CS/C=C/c1ccccc1,3.5
O=S(=O)(Nc1cccc(C(F)(F)F)c1)C(F)(F)F,3.5
CN1c2ccc(C#N)cc2N=C(c2ccc(C(=O)O)cc2)c2cc3c(cc21)C(C)(C)CCC3(C)C,3.5
O=C(O)CSC=Cc1ccccc1,3.5
Cn1cc([NH3+])cc1C(=O)O,3.5
NC(=O)c1c(CC(=O)O)n[nH]c1N,3.5
O=C1OC2C3CC4C2C4(C(=O)O)C13Br,3.5
O=C(O)c1ccc(C(=O)O)cc1,3.51
O=C(O)COc1ccc(Cl)cc1C1CCCCC1,3.51
O=C(O)C1CC1(Cl)Cl,3.51
O=C(c1ccc(F)cc1)c1ccc2n1CCC2C(=O)O,3.51
CS(=O)(=O)c1cccc(C(=O)O)c1,3.52
O=C(O)CSc1ccccc1,3.52
NC(=O)C#CC#CC=CC(=O)O,3.52
O=C(O)c1ccccc1Oc1ccccc1,3.53
CC(C)(C)c1ccccc1C(=O)O,3.53
COCC(=O)O,3.53
N#Cc1ccc(-c2nnn[nH]2)cc1,3.53
N#Cc1ccc(-c2nn[nH]n2)cc1,3.53
O=C(O)c1cc(Cl)cc(Cl)c1,3.54
O=C(O)c1cc(F)c(F)c(F)c1,3.54
O=C(O)c1ccccc1C(=O)c1ccccc1,3.54
Cc1ncsc1C(=O)O,3.54
O=C(O)c1cccc[n+]1[O-],3.54
O=[N+]([O-])c1cc(Cl)c(O)c(Cl)c1,3.55
N#Cc1ccc(C(=O)O)cc1,3.55
O=C(O)C(O)CO,3.55
COc1ccc(C(=O)c2ccc3n2CCC3C(=O)O)cc1,3.55
N#Cc1ccccc1-c1nn[nH]n1,3.55
O=C(O)CS,3.55
O=C(O)Cn1c2ccccc2c2ccccc21,3.55
CCCCCCCCCCCC[NH2+]CCC(=O)O,3.55
COC1OC(C(=O)O)C(O)C(O)C1O,3.55
O=C(O)C[Se]c1cccc([N+](=O)[O-])c1,3.55
CCCC(=O)OC(CC(=O)O)C[N+](C)(C)C,3.56
CCCCCCCC[NH2+]CCC(=O)O,3.56
CC(C)P(=O)(O)C(C)C,3.56
Cc1ccc(SCC(=O)O)cc1,3.57
O=C(O)C1CC1(Br)Br,3.57
Cn1cnc2nc(N)[nH+]c(O)c21,3.57
CCCCCCCCCC[NH2+]CCC(=O)O,3.57
O=C(O)c1ccc(F)cc1F,3.58
Cc1ccc(Br)cc1C(=O)O,3.58
O=C(O)c1cc(F)cc(F)c1,3.59
NCc1ccc(C(=O)O)cc1,3.59
O=C(O)C(c1ccc(-c2ccccc2)cc1)C1(O)CCCCC1,3.59
[NH3+]CCC(=O)O,3.59
[NH3+]C1CCCCC1C(=O)O,3.59
Cc1c(Cn2cc[nH+]c2)sc2cc(C(=O)O)ccc12,3.59
N#Cc1cccc(C(=O)O)c1,3.6
CC(=O)OC(CC(=O)O)C[N+](C)(C)C,3.6
CC#CCC(=O)O,3.6
COC1CN(c2ncc(C(=O)O)s2)CCC1NC(=O)c1[nH]c(C)c(Cl)c1Cl,3.6
Nc1ccc(S(=O)(=O)c2ccc(C(=O)O)cc2)cc1,3.6
O=C(O)c1cccc2ccccc12,3.6
CC(=O)NCC(=O)O,3.6
CCC12CCC(=O)C=C1c1c(cc(OCC(=O)O)c(Cl)c1Cl)C2,3.6
CCCC12CCC(=O)C=C1c1c(cc(OCC(=O)O)c(Cl)c1Cl)C2,3.6
CCOC(=O)c1cc(C#N)c(N2CC(C(=O)NS(=O)(=O)Cc3ccccc3)C2)nc1C,3.6
O=C(O)c1ccc(-c2cccc(OC3OC(CO)C(O)C(O)C3O)c2)cc1,3.6
O=C(O)c1ccccc1OC1OC(CO)C(O)C(O)C1O,3.6
CC(NC(=O)C1CCC(=O)N1)C(=O)O,3.6
CCOCC(=O)O,3.61
Clc1cccc(-c2nnn[nH]2)c1,3.61
Clc1cccc(-c2nn[nH]n2)c1,3.61
CC[NH2+]CCC(=O)O,3.61
CCCCCC[NH2+]CCC(=O)O,3.61
Cc1ccc(C(=O)O)cc1[N+](=O)[O-],3.62
Cc1ccc(I)cc1C(=O)O,3.62
CC(C)c1ccccc1C(=O)O,3.63
Cc1ccc(Cl)cc1C(=O)O,3.63
O=C(O)c1ccc(-c2nnn[nH]2)cc1,3.63
O=C(O)c1ccc(Cl)c(Cl)c1,3.64
CS(=O)(=O)c1ccc(C(=O)O)cc1,3.64
CC(C)c1csc(C(=O)O)c1,3.64
Cc1cc(C(=O)O)ccc1[N+](=O)[O-],3.65
O=C(O)c1c2ccccc2cc2ccccc12,3.65
CC(C)(C)OC(=O)NC(CCC(N)=O)C(=O)O,3.66
CSCC(=O)O,3.67
CC(NC(=O)C(CCC(N)=O)NC(=O)C1CCC(=O)N1)C(=O)O,3.67
N#CO,3.67
Cc1cc(Cl)ccc1OC(C)C(=O)O,3.68
CCC(O)C(=O)O,3.68
Clc1ccccc1-c1nn[nH]n1,3.69
O=C(CC(CO[N+](=O)[O-])O[N+](=O)[O-])Oc1ccccc1C(=O)O,3.69
O=C(CCCO[N+](=O)[O-])Oc1ccccc1C(=O)O,3.69
O=C(CCO[N+](=O)[O-])Oc1ccccc1C(=O)O,3.69
O=CO,3.69
O=C(O)c1cccc(C(=O)O)c1,3.7
Ic1cccc(-c2nnn[nH]2)c1,3.7
Ic1cccc(-c2nn[nH]n2)c1,3.7
CC(C(=O)O)C(C#N)c1ccccc1,3.7
CCC(=O)c1nc(C(=O)O)cs1,3.7
COc1c(C(=O)O)oc2ccccc12,3.7
O=C(O)C=C=Cc1ccccc1,3.7
O=C(O)c1csc(Br)c1,3.7
CC(C)(C(=O)O)c1nnnn1C1CCCCC1,3.7
O=C(O)c1cccc2cc3ccccc3cc12,3.7
CCOCCn1c(N2CCC[NH+](CCCCn3cc(C(=O)O)cn3)CC2)[nH+]c2ccccc21,3.7
O=C(O)/C=C\c1cccc(Cl)c1,3.71
CC(=O)S,3.71
CN(C)C(=S)NCC(=O)O,3.71
COc1ccc(C(=O)O)cc1[N+](=O)[O-],3.72
CC(C)SCC(=O)O,3.72
COc1cccc(C(=O)O)c1C,3.72
O=C(O)Cc1ccco1,3.72
Brc1ccc(-c2nnn[nH]2)cc1,3.73
Brc1ccc(-c2nn[nH]n2)cc1,3.73
CCOc1cccc(C(=O)O)c1C,3.73
O=C(O)CSCc1ccccc1,3.73
O=C(O)c1cccccc1=O,3.73
O=C(O)c1cccc(-c2nnn[nH]2)c1,3.74
O=C(O)c1cccc(C(F)(F)F)c1,3.75
CC(=O)c1cccc(NS(=O)(=O)C(F)(F)F)c1,3.75
Cc1cc(Cl)ccc1C(=O)O,3.75
O=C(O)C[Se]c1ccccc1,3.75
CSC(C)C(=O)O,3.76
Cc1ccc(C(=O)O)s1,3.76
CC12CCC(C(C(=O)O)C1=O)C2(C)C,3.76
CC(C)(C)OC(=O)NS(=O)(=O)c1ccc(S(C)(=O)=O)cc1,3.76
CC(C)(O)C(C(=O)O)c1ccc(-c2ccccc2)cc1,3.76
CC(C)(O)C(C(=O)O)c1ccc(C2CCCCC2)cc1,3.76
O=C1COC(=O)C1,3.76
O=Cc1ccc(C(=O)O)cc1,3.77
CCCSCC(=O)O,3.77
Cc1cc(Br)ccc1C(=O)O,3.77
O=C(O)CSc1ccc(S)cc1,3.77
CC(C)SC(C)C(=O)O,3.78
CCc1ccccc1C(=O)O,3.79
Cc1cc(I)ccc1C(=O)O,3.79
N#CC(CC(=O)O)c1ccccc1,3.79
O=C(O)c1cc2ccccc2[nH]1,3.79
Cc1ccccc1[Se]CC(=O)O,3.79
CC(=O)c1ccc(CC(=O)O)s1,3.8
CCSC(C)C(=O)O,3.8
C[N+](C)(C)CC(O)CC(=O)O,3.8
O=C(O)CSCCc1ccccc1,3.8
O=C(O)c1csc(Cl)c1,3.8
CCOCCn1c(CN2CC[NH+](CCCCn3cc(C(=O)O)cn3)CC2)[nH+]c2ccccc21,3.8
O=C(O)c1cccc(Cl)c1,3.81
O=C(O)c1cccc(Br)c1,3.81
CCCCSCC(=O)O,3.81
Brc1cccc(-c2nn[nH]n2)c1,3.82
CCCSC(C)C(=O)O,3.82
COc1cc2ccccc2cc1C(=O)O,3.82
Cc1c(Cn2cc[nH+]c2)sc2ccc(C(=O)O)cc12,3.82
O=C(O)c1ccc(F)c(F)c1,3.83
Brc1ccccc1-c1nnn[nH]1,3.83
Brc1ccccc1-c1nn[nH]n1,3.83
CC(C)C12CCC(=O)C=C1c1c(cc(OCC(=O)O)c(Cl)c1Cl)C2,3.83
Cc1c(-c2ccc(=O)n(Cc3ccccc3)n2)c2cc(F)cc(S(C)(=O)=O)c2n1CC(=O)O,3.83
Cc1c(-c2ccc(=O)n(Cc3ccccc3)n2)c2cc(S(C)(=O)=O)cc(F)c2n1CC(=O)O,3.83
O=C(O)CO,3.83
[NH3+]CCC=CC(=O)O,3.83
Cc1c(O)cccc1C(=O)O,3.83
O=Cc1cccc(C(=O)O)c1,3.84
CC(=O)c1cccc(C(=O)O)c1,3.84
COc1c(C)cccc1C(=O)O,3.84
COc1ccc(C)c(C(=O)O)c1,3.84
O=C(O)c1ccn[nH]1,3.84
O=C(O)c1cc[nH]n1,3.84
O=C(O)C1CCCCO1,3.84
O=[N+]([O-])c1cc(-c2ccccc2)c(O)c([N+](=O)[O-])c1,3.85
O=C(O)Cc1ccc([N+](=O)[O-])cc1,3.85
COCc1ccccc1C(=O)O,3.85
Cc1c(-c2ccc(=O)n(Cc3ccccc3)n2)c2cc(F)cc(F)c2n1CC(=O)O,3.85
O=C(O)Cc1cccs1,3.85
Sc1nnco1,3.85
N#Cc1cc(Br)c(O)c(Br)c1,3.86
O=C(O)c1cccc(F)c1,3.86
CC(O)C(=O)O,3.86
CCC(C(=O)O)C(=O)N1CCCCC1,3.86
Cc1c(-c2ccc(=O)n(Cc3ccccc3)n2)c2cc(Cl)cc(F)c2n1CC(=O)O,3.86
Cc1c(-c2ccc(=O)n(Cc3ccccc3)n2)c2cc(F)cc(Cl)c2n1CC(=O)O,3.86
N#CC1CCCCC1C(=O)O,3.86
Cc1c(-c2ccc(=O)n(Cc3ccccc3)n2)c2cc(Cl)cc(Cl)c2n1CC(=O)O,3.88
Ic1ccc(-c2nnn[nH]2)cc1,3.88
Ic1ccc(-c2nn[nH]n2)cc1,3.88
O=C(O)C1(O)CCC1,3.88
O=C(O)/C=C\c1ccccc1,3.88
O=C(O)c1ccc(-c2ccc(OC3OC(CO)C(O)C(O)C3O)cc2)cc1,3.88
CCCC(O)C(=O)O,3.89
CSc1ccccc1C(=O)O,3.89
O=C(O)Cc1ccc(Cl)s1,3.89
CC(C)C(OC1OC(C(=O)O)C(O)C(O)C1O)C(C)C,3.89
N#Cc1cccc(Nc2ccccc2C(=O)O)c1,3.9
O=C(O)c1ccc(-c2ccccc2)cc1,3.9
O=C(O)c1ccccc1Nc1cc(C(F)(F)F)cc(C(F)(F)F)c1,3.9
O=C(O)c1ccccc1Nc1cc(F)cc(C(F)(F)F)c1,3.9
CC1(C2CCCC2)Cc2cc(OCC(=O)O)c(Cl)c(Cl)c2C1=O,3.9
CCC1(C2CCCC2)Cc2cc(OCC(=O)O)c(Cl)c(Cl)c2C1=O,3.9
CCCCC1(C2CCCC2)Cc2cc(OCC(=O)O)c(Cl)c(Cl)c2C1=O,3.9
COc1ccc(O)c(C(=O)O)c1,3.9
Cc1nc(C(=O)O)cs1,3.9
On1nnc2c(Cl)cccc21,3.9
O=C(O)COc1cc2c(c(Cl)c1Cl)C(=O)C(C1CCCC1)C2,3.9
O=C(O)c1cccc(C=C[N+](=O)[O-])c1,3.9
Nc1ccc(C(=O)O)c(Cl)c1,3.905
COc1cccc(-c2nnn[nH]2)c1,3.91
COc1cccc(-c2nn[nH]n2)c1,3.91
N#CC(CC(=O)O)Cc1ccccc1,3.91
N#CCCC(C(=O)O)c1ccccc1,3.92
CC[NH2+]CCCC(=O)O,3.92
Cc1ccc(O)cc1C(=O)O,3.92
O=C(O)CC1NC(=O)CNC1=O,3.93
C[NH+]1C2CC=C(C(=O)O)C1CC2,3.93
O=C(O)c1ccoc1,3.94
O=C(O)c1ccc(C=C[N+](=O)[O-])cc1,3.94
CC(C#N)CC(=O)O,3.95
CC(C)=C(C(N)=O)C(=O)O,3.95
COc1ccc(Cl)c(Nc2ccccc2CC(=O)O)c1Cl,3.95
O=C(O)c1ccc(-c2ccc(OC3OC(CO)C(O)C(O)C3O)cc2Cl)cc1,3.95
CC(C)(C(=O)O)C(C#N)c1ccccc1,3.95
CCN(CC)C(=S)S,3.95
O=C1C=C(O)C(Cc2ccc(Br)cc2)C1,3.96
O=C1C=C(O)CC1Cc1ccc(Br)cc1,3.96
C=C=CC(=O)O,3.96
O=C(O)C12CCC(C1)C2,3.96
O=C(O)c1cccc(S)c1,3.96
O=[N+]([O-])c1cccc([N+](=O)[O-])c1O,3.97
COc1cc(OC)cc(C(=O)O)c1,3.97
O=C(O)Cc1cccc([N+](=O)[O-])c1,3.97
CC(C#N)C(C)(C)C(=O)O,3.97
O=C(O)c1ccc(Cl)cc1,3.98
COc1cccc(C(=O)O)c1OC,3.98
Cc1c(-c2ccc(=O)n(Cc3ccccc3)n2)c2cccc(Br)c2n1CC(=O)O,3.98
N#CCCC(=O)O,3.98
O=C(O)c1ccc(-c2ccc(OC3OC(CO)C(O)C(O)C3O)c(Cl)c2)cc1,3.98
CNC(=O)/C=C\C(=O)O,3.98
CNC(=O)C=CC(=O)O,3.98
O=C1Cc2c1ccc(O)c2[N+](=O)[O-],3.98
O=C(O)c1ccccc1Nc1ccccc1,3.99
Cc1ccc(C)c(C(=O)O)c1,3.99
O=C(O)CCCl,3.99
O=C(O)CCBr,3.99
[NH3+]CCc1nnn[nH]1,3.99
Cc1cc(C(=O)O)n[nH]1,3.99
O=C(O)c1ccc(Br)cc1,4
O=C(O)c1ccc(I)cc1,4
O=C(O)CCOc1cccc2ccccc12,4
COc1cc(Nc2ccccc2C(=O)O)cc(OC)c1,4
Cc1c(-c2ccc(=O)n(Cc3ccccc3)n2)c2cc(S(C)(=O)=O)ccc2n1CC(=O)O,4
Cc1ccc(-c2cccc(C(=O)O)c2)cc1,4
N#Cc1cccc(-c2cccc(-c3nnn[nH]3)c2)c1,4
N#Cc1cccc(-c2cccc(-c3nn[nH]n3)c2)c1,4
O=c1cc(C(F)(F)F)c2cc(F)c(O)c(F)c2o1,4
Cc1cc(C)c(C(C(=O)O)c2ccccc2)c(C)c1,4
O=C(O)CCc1c[nH]c[nH+]1,4
O=C1C=C(O)C(Cc2ccccc2)C1,4.01
O=C1C=C(O)CC1Cc1ccccc1,4.01
CCCC(O)C(C(=O)O)c1ccc(-c2ccccc2)cc1,4.01
Oc1cc(-c2ccccc2)no1,4.01
C[N+](C)(C)CCCC(=O)O,4.02
Cc1c(-c2ccc(=O)n(Cc3ccccc3)n2)c2cc(F)ccc2n1CC(=O)O,4.02
O=C(O)Cc1cc(F)ccc1Nc1c(Cl)cccc1Cl,4.02
COc1ccc(/C=C\C(=O)O)cc1,4.03
Cc1c(-c2ccc(=O)n(Cc3ccccc3)n2)c2cc(Br)ccc2n1CC(=O)O,4.03
Cc1c(-c2ccc(=O)n(Cc3ccccc3)n2)c2cc(Cl)ccc2n1CC(=O)O,4.03
Cc1cc(C(=O)O)ccc1Br,4.03
C[NH2+]CCCC(=O)O,4.03
O=C(O)c1cc(O)cc(O)c1,4.04
O=C(O)Cc1ccccc1I,4.04
CC(C)(C#N)CC(=O)O,4.04
O=C(O)C1(O)CCCCCC1,4.04
O=C(O)C=Cc1ccc([N+](=O)[O-])cc1,4.05
[NH3+]CC#CC#CCCC(=O)O,4.05
Cc1ccc(C(=O)O)cc1Cl,4.06
NC(=O)Cc1ccc(C(=O)O)cc1,4.06
[NH3+]CCCC(=O)O,4.06
CC(=O)Nc1cccc(C(=O)O)c1,4.07
Cc1cc(C(=O)O)ccc1Cl,4.07
O=C(O)Cc1ccccc1Cl,4.07
COc1ccc2c(c1)c(-c1ccc(=O)n(Cc3ccccc3)n1)c(C)n2CC(=O)O,4.07
Cc1cccc(C)c1Nc1ccccc1CC(=O)O,4.07
O=C(O)CP,4.07
O=C(O)Cc1ccoc1,4.07
O=C(O)Cc1ccsc1,4.07
Cc1c(Cn2cc[nH+]c2)n(C)c2ccc(C(=O)O)cc12,4.08
O=[N+]([O-])c1ccc(O)c([N+](=O)[O-])c1,4.09
O=C(O)CCI,4.09
O=C(O)c1ccccc1Nc1cccc(C(F)(F)F)c1,4.09
Cc1ccccc1-c1nnn[nH]1,4.09
Cc1ccccc1-c1nn[nH]n1,4.09
O=C(O)Cc1ccccc1Nc1c(F)cccc1F,4.09
O=C(O)C1CC1Br,4.09
Cc1ccc(-c2cccc(-c3nnn[nH]3)c2)cc1,4.1
Cc1ccc(-c2cccc(-c3nn[nH]n3)c2)cc1,4.1
O=C(O)Cc1ccccc1Nc1cc(Cl)ccc1Cl,4.1
O=C(O)Cc1ccccc1Nc1ccccc1,4.1
CCOC(=O)c1c[nH+]c2cc([N+](=O)[O-])ccc2c1O,4.1
CCC([N+](=O)[O-])=[N+]([O-])O,4.1
O=C(Nc1ccc(Cl)cc1[N+](=O)[O-])c1cc(Cl)cc(Cl)c1O,4.11
O=C(O)CCSCCC(=O)O,4.11
C[N+]1(CCCC(=O)O)CCCCC1,4.11
O=C(O)C1(O)CCCC1,4.11
O=C(O)C1CC1Cl,4.12
[NH3+]CCCC#CC#CCCC(=O)O,4.12
[NH3+]CCC#CC#CCCC(=O)O,4.12
C[n+]1cccc2cc(S)ccc21,4.12
COc1cc(C(=O)O)ccc1C,4.13
CC(=O)c1ccccc1C(=O)O,4.13
O=C(O)Cc1cccc(F)c1,4.13
CC(C)C(O)C(C(=O)O)c1ccc(-c2ccccc2)cc1,4.13
Fc1ccc(CN(Cc2nnn[nH]2)c2ccccc2)c(F)c1,4.13
Fc1ccc(CN(Cc2nn[nH]n2)c2ccccc2)c(F)c1,4.13
Nc1ccc(C(=O)O)c(F)c1,4.13
CC([NH3+])CCC(=O)O,4.13
O=C(O)c1ccc(F)cc1,4.14
O=C(O)Cc1cccc(Cl)c1,4.14
O=C(O)/C=C/CCl,4.14
O=C(O)C=CCCl,4.14
O=C(O)Cc1ccccc1Nc1c(Cl)cccc1Cl,4.15
CC(C)Oc1cccc(C(=O)O)c1,4.15
CC(P)C(=O)O,4.15
Cc1cccc(-c2nnn[nH]2)c1,4.15
Cc1cccc(-c2nn[nH]n2)c1,4.15
On1nnc2ccc(Cl)cc21,4.15
Cc1c(-c2ccc(=O)n(Cc3ccccc3)n2)c2ccccc2n1CC(=O)O,4.15
O=C(O)Cc1cccc(I)c1,4.16
Cc1ccc2c(c1)c(-c1ccc(=O)n(Cc3ccccc3)n1)c(C)n2CC(=O)O,4.16
CCC(O)C(C(=O)O)c1ccc(-c2ccccc2)cc1,4.16
Cc1noc(NS(=O)(=O)c2ccc(N)cc2)c1C,4.16
CC=CC(=O)O,4.17
Cc1cccc(C(O)C(C(=O)O)c2ccc(-c3ccccc3)cc2)c1,4.17
[NH3+]CCCCCC#CC#CCCC(=O)O,4.17
O=C(O)Cc1ccc(I)cc1,4.18
COCc1ccc(C(=O)O)cc1,4.18
Cc1ccc(C(O)C(C(=O)O)c2ccc(C3CCCCC3)cc2)cc1,4.18
O=C(O)c1ccc(CO)cc1,4.18
O=C(O)c1ccc2cc3ccccc3cc2c1,4.18
O=C(O)c1coc2ccccc12,4.18
O=C(O)Cc1ccc(Br)cc1,4.19
O=C(O)Cc1ccc(Cl)cc1,4.19
CCc1cc(C(=O)O)cs1,4.19
Cc1ccccc1C(O)C(C(=O)O)c1ccc(-c2ccccc2)cc1,4.19
O=C(O)c1ccccc1,4.19
O=C(O)C(c1ccc(-c2ccccc2)cc1)C(O)C1CCCCC1,4.19
CC(C)(C)c1cccc(C(=O)O)c1,4.2
Cc1cccc(Nc2ccccc2C(=O)O)c1C,4.2
NC(=O)CNc1ccccc1C(=O)O,4.2
C#CCCC(=O)O,4.2
COCC(C)NC(=O)c1nc(N2CCC(NC(=O)c3[nH]c(C)c(Cl)c3Cl)C(OC)C2)sc1C(=O)O,4.2
COc1cc(C)c(C(=O)O)cc1-c1ccc(C#CCO)s1,4.2
COc1cc(Cl)c(Nc2ccccc2CC(=O)O)c(Cl)c1,4.2
COc1ccc(C(=O)O)cc1-c1ccc(C#CCO)s1,4.2
CS(=O)(=O)NC(=O)Nc1ccc(C(F)(F)F)cc1,4.2
Cc1cc(=O)oc2c(F)c(O)c(F)c(F)c12,4.2
Cc1cccc(Cl)c1Nc1ccccc1CC(=O)O,4.2
Cc1cccc2oc(=O)cc(O)c12,4.2
N#CC(=Nc1ccc(C(=O)O)cc1)C(C#N)C#N,4.2
O=C(O)Cc1ccccc1Nc1c(Cl)cccc1Br,4.2
O=C(O)Cc1ccccc1Nc1cccc(Cl)c1Cl,4.2
N#CC(C#N)=C(C#N)Nc1ccc(C(=O)O)cc1,4.2
CC(C(=O)O)c1cccc(C(=O)c2ccccc2)c1,4.2
O=S1(=O)OC(c2cc(Br)c(O)c(Br)c2)(c2cc(Br)c(O)c(Br)c2)c2ccccc21,4.2
CC#CC=CC(=O)O,4.2
O=[N+]([O-])c1n[nH]c(Oc2ccccc2)n1,4.2
O=C(O)c1cc(O)c(O)c(O)c1,4.21
O=C(O)CCC(=O)O,4.21
[NH3+]CCCCCCC#CC#CCCC(=O)O,4.21
Cc1ccc(S(=O)(=O)NC(=O)OCc2ccccc2)cc1,4.21
Cc1ccc(C(=O)O)c(C)c1,4.22
O=C(O)C12CC3CC(CC(F)(C3)C1)C2,4.22
Fc1ccccc1CN(Cc1nnn[nH]1)c1ccccc1,4.22
Fc1ccccc1CN(Cc1nn[nH]n1)c1ccccc1,4.22
CC(C(=O)O)c1ccc(-c2ccccc2)c(F)c1,4.22
CC(C)=CCC1=C(O)C(O)(CC=C(C)C)C(=O)C(C(=O)CC(C)C)=C1O,4.22
Cc1cc([N+](=O)[O-])c(O)c([N+](=O)[O-])c1,4.23
COc1ccc(-c2nn[nH]n2)cc1,4.23
CSc1ccc(C(=O)O)cc1,4.23
Cc1ccc(N(Cc2nnn[nH]2)Cc2ccc(F)cc2F)cc1,4.23
Cc1ccc(N(Cc2nn[nH]n2)Cc2ccc(F)cc2F)cc1,4.23
NC(=O)C(CC(=O)O)c1ccccc1,4.23
O=C(O)C(CO)c1ccccc1,4.23
O=C(O)CCP,4.23
O=C(O)Cc1cccc2ccccc12,4.23
OCC[NH+](CCc1nnn[nH]1)CCc1nnn[nH]1,4.23
O=C(O)Cc1ccc(F)cc1,4.24
CCCOc1ccccc1C(=O)O,4.24
Cc1cc(C(=O)O)cs1,4.24
O=C(O)Cc1ccccc1Nc1c(Cl)cccc1I,4.24
O=C(O)C(c1ccc(C2CCCCC2)cc1)C(O)c1ccccc1,4.24
C[Si](C)(C)c1cccc(C(=O)O)c1,4.24
CC(C)(C)P(=O)(O)C(C)(C)C,4.24
O=C(O)c1csc2ccccc12,4.24
O=C(O)Cc1ccc(O)c(O)c1,4.25
O=C(O)C(c1ccc(-c2ccccc2)cc1)C(O)c1ccccc1,4.25
O=C(O)Cc1ccc2ccccc2c1,4.25
O=C(O)C1CCCOC1,4.25
CCC(C(=O)O)C1(O)CC2CCC1C2,4.26
C=CC(=O)O,4.26
[NH3+]CCCCC(=O)O,4.26
O=C(O)CCCc1c[nH]c[nH+]1,4.26
COc1ccccc1/C=C\C(=O)O,4.27
C[Si](C)(C)c1ccc(C(=O)O)cc1,4.27
O=C(O)c1[nH]c[nH+]c1C(=O)[O-],4.27
Nc1ccc(C(=O)O)cc1Br,4.275
CC(=O)Nc1ccc(C(=O)O)cc1,4.28
N#CC(C#N)=C(O)c1ccc(N)cc1,4.28
CC=CCC(=O)O,4.28
Oc1ccc(-c2nnn[nH]2)cc1,4.28
C=CCOc1ccc(CC(=O)O)cc1Cl,4.29
COc1ccc(N(Cc2nnn[nH]2)Cc2ccc(Cl)cc2Cl)cc1,4.29
COc1ccc(N(Cc2nn[nH]n2)Cc2ccc(Cl)cc2Cl)cc1,4.29
O=C(O)C(c1ccc(-c2ccccc2)cc1)C(O)Cc1ccccc1,4.29
CCC1C(=O)COC1=O,4.29
O=C(O)c1cccc(O)c1,4.3
Cc1cc(C)cc(C(=O)O)c1,4.3
Cc1c(Cl)cccc1Nc1ccccc1CC(=O)O,4.3
NC(=O)C(CCC(=O)O)NC=O,4.3
O=C(O)Cc1ccccc1Nc1ccc(Cl)c(Cl)c1,4.3
CC(O)C(C(=O)O)c1ccc(-c2ccccc2)cc1,4.3
CC(=O)N1CCc2noc(O)c2CC1,4.3
Cc1cc([N+](=O)[O-])cc([N+](=O)[O-])c1O,4.31
COCC1=C(C(=O)O)CC1,4.31
O=C(O)Cc1ccccc1Nc1cc(Cl)cc(Cl)c1,4.31
O=C(O)Cc1ccccc1,4.31
O=C(O)C=Cc1ccoc1,4.31
O=C(O)CSC(c1ccccc1)(c1ccccc1)c1ccccc1,4.32
Cc1ccc(C(=O)O)cc1O,4.32
C[N+]1(CCCCC(=O)O)CCCCC1,4.33
Cc1c(C(=O)O)[nH]c2ccccc12,4.33
O=C(O)CCc1ccc(Br)cc1,4.33
O=C(c1ccccc1Cl)c1ccc2n1CCC2C(=O)O,4.33
C=CCC(=O)O,4.33
COc1cc(C(=O)O)cc(OC)c1O,4.34
O=C(O)CCCC(=O)O,4.34
Nc1ccc(C(=O)O)cc1C(=O)c1ccccc1,4.34
Nc1ccc(C(=O)O)cc1I,4.34
O=C(O)CCc1cccs1,4.34
Clc1ccccc1CN(Cc1nnn[nH]1)c1ccccc1,4.34
Clc1ccccc1CN(Cc1nn[nH]n1)c1ccccc1,4.34
CC(C)c1ccc(C(=O)O)cc1,4.35
CCc1ccc(C(=O)O)cc1,4.35
COc1ccc(C(=O)O)cc1C,4.35
CCOc1ccccc1/C=C\C(=O)O,4.35
Nc1ccc(C(=O)O)cc1Cl,4.35
Nc1ccc(C(=O)O)cc1F,4.35
O=C1C(=O)c2ccccc2C(O)=C1c1ccccc1,4.35
O=C1C(O)=C(c2ccccc2)C(=O)c2ccccc21,4.35
O=C1C=C(O)CC1,4.35
CCOC(=O)C1(CCC(=O)O)CCC(=O)NC1=O,4.35
COc1ccc(C(=O)O)cc1OC,4.36
COc1ccc(C(=O)O)c(OC)c1,4.36
CC(C)(C)OOCCC(=O)O,4.36
O=C(O)CCc1ccco1,4.36
Oc1ccccc1-c1nnn[nH]1,4.36
c1ccc(-c2nnn[nH]2)cc1,4.363333
c1ccc(-c2nn[nH]n2)cc1,4.363333
Cc1ccc(C(=O)O)cc1,4.37
Cc1ccc(CC(=O)O)cc1,4.37
CCc1ccc(CC(=O)O)cc1,4.37
[NH3+]CCCCCC(=O)O,4.37
CC(=O)Oc1ccc(C(=O)O)cc1,4.38
CC(C)CCOc1ccccc1/C=C\C(=O)O,4.38
COc1cc(C)ccc1C(=O)O,4.38
COc1cccc(/C=C/C(=O)O)c1,4.38
O=C(O)c1ccccc1Nc1ccc(CCc2ccc(Cl)c(Cl)c2)cc1,4.39
CC(C)(C)c1ccc(C(=O)O)cc1,4.4
CC(C)(C)C1CCn2nnnc2C(C(=O)O)C1,4.4
CC1=C(C)C(C(C)C(=O)O)CC1=O,4.4
CC(C(=O)O)C1=CC(=O)C(C)C1C,4.4
COCCNC(=O)c1nc(N2CCC(NC(=O)c3[nH]c(C)c(Cl)c3Cl)C(OC)C2)sc1C(=O)O,4.4
N#CC(CCC(=O)O)c1ccccc1,4.4
O=C(O)CC(O)c1ccccc1,4.4
C=C(C)C=C(C(=O)O)c1ccc([N+](=O)[O-])cc1,4.4
O=C1OCC(O)=C1O,4.4
CC(=O)C1CC=CCC1C(=O)O,4.4
O=C(O)C1=CC=CC=CC=C1,4.4
Cc1ccc(C(=O)O)cc1C,4.41
CC(O)CC(=O)O,4.41
COc1cc(CC(=O)O)ccc1O,4.41
O=C(O)C1CC1c1cccc([N+](=O)[O-])c1,4.41
CC(C)(C)c1ccc(CC(=O)O)cc1,4.42
O=C(O)c1ccc(C2CC2)cc1,4.42
O=C(O)/C=C/c1ccccc1,4.425
NCCCCCC(=O)O,4.43
O=C(O)CCCCC(=O)O,4.44
O=C(O)C=Cc1ccccc1,4.44
C[N+]1(CCCCCC(=O)O)CCCCC1,4.44
Cc1cccc(/C=C/C(=O)O)c1,4.44
O=C(O)CCc1ccoc1,4.44
O=C(O)c1ccc(OCc2ccccc2)cc1,4.44
O=C1C(=O)c2ccccc2C(O)=C1/C=C/c1ccccc1,4.44
O=C1C(O)=C(C=Cc2ccccc2)C(=O)c2ccccc21,4.44
CCOc1ccc(C(=O)O)cc1,4.45
CC(C)Cc1ccc(C(C)C(=O)O)cc1,4.45
C=CCOc1ccc(C(=O)O)cc1,4.45
O=C(O)CCc1ccsc1,4.45
COC1=CC2CCC1(C(=O)O)CC2,4.45
COc1ccccc1C=CC(=O)O,4.46
CCOC1CC1C(=O)O,4.46
O=C(O)Cc1ccc(-c2ccccc2)cc1,4.46
O=C(O)CCC(=O)c1ccc(-c2ccccc2)cc1,4.46
O=Cc1cc(Cl)cc([N+](=O)[O-])c1O,4.46
COc1ccc(C(=O)O)cc1,4.47
COC1CC1C(=O)O,4.47
O=C(O)c1ccc(/N=C/c2ccccc2)cc1,4.47
O=C(O)c1ccc(N=Cc2ccccc2)cc1,4.47
O=C(O)c1ccc(O)c(O)c1,4.48
CCCCOc1ccc(C(=O)O)cc1,4.48
O=C(O)CCC(=O)c1cccc2ccccc12,4.48
CCCCCOc1ccc(C(=O)O)cc1,4.49
COCC(COC)NC(=O)c1nc(N2CCC(NC(=O)c3[nH]c(C)c(Cl)c3Cl)C(OC)C2)sc1C(=O)O,4.5
COCC1=C(C(=O)O)CCC1,4.5
COC1CN(c2nc(-c3ncnn3C)c(C(=O)O)s2)CCC1NC(=O)c1[nH]c(C)c(Cl)c1Cl,4.5
Cc1ccccc1/C=C/C(=O)O,4.5
CCCCC=[N+]([O-])O,4.5
[NH3+]CCCCCCCC(=O)O,4.5
COc1cc(C(=O)O)ccc1O,4.51
O=C(O)CCO,4.51
O=C(O)CCCCCC(=O)O,4.51
Cn1cccc1C(=O)O,4.51
O=C(O)C1CC1c1cccc(Cl)c1,4.51
O=[N+]([O-])c1cc(C2CCCCC2)c(O)c([N+](=O)[O-])c1,4.52
O=C(O)c1ccc(Oc2ccccc2)cc1,4.52
O=C(O)CCCCCCC(=O)O,4.52
NCCCCCCC(=O)O,4.52
O=C(O)CCCCl,4.52
N#CSc1cc(C(=O)O)ccc1N,4.52
Clc1c(Cl)c(Cl)c2[nH]nnc2c1Cl,4.52
COc1ccc(C=CC(=O)O)cc1OC,4.53
O=C(O)CCCP,4.53
O=C(O)C1CC1c1ccc(Cl)cc1,4.53
CC(=O)Nc1nnn[nH]1,4.53
[NH3+]CCCCCCCCC(=O)O,4.53
O=C(O)c1ccc(O)cc1,4.54
COc1ccc(C=CC(=O)O)cc1,4.54
CCOc1ccc(C(=O)O)c(C)c1,4.54
COc1ccc(C(=O)O)c(C)c1,4.54
Clc1ccc(CN(Cc2nnn[nH]2)c2ccccc2)c(Cl)c1,4.54
Clc1ccc(CN(Cc2nn[nH]n2)c2ccccc2)c(Cl)c1,4.54
O=C(O)C1=C(CO)CCC1,4.54
[NH3+]C1CONC1=O,4.54
Cc1[nH]c(C(=O)[O-])c(C(=O)O)[nH+]1,4.54
O=C(O)CCc1ccc([N+](=O)[O-])cc1,4.54
O=Cc1ccccc1C(=O)O,4.55
O=C(O)CCCCCCCC(=O)O,4.55
COc1ccc(/C=C/C(=O)O)cc1OC,4.55
Nc1ccc(-c2nnn[nH]2)cc1,4.55
C=C=C(C)C(C)(C)C(=O)O,4.55
Cc1ccc(/C=C/C(=O)O)cc1,4.56
Cc1ccc(C=CC(=O)O)cc1,4.56
COc1ccccc1/C=C/C(=O)O,4.57
[NH3+]CCCCCCCCCC(=O)O,4.57
COc1cc(C=CC(=O)O)ccc1O,4.58
O=C(O)CCCBr,4.58
C#CCCCCC(=O)O,4.58
Cc1nn(-c2ccccc2)cc1C(=O)O,4.58
O=C(O)C1C2C=CC1CC2,4.58
NCCCCCCCC(=O)O,4.59
CC1CCCC(C(C)C(=O)O)C1,4.59
COCC1=C(C(=O)O)C2C=CC1C2,4.59
C[NH+](C)CCc1nnn[nH]1,4.59
CCCC(CCC)C(=O)O,4.6
C#CCCCC(=O)O,4.6
CCOC(=O)c1cc(C#N)c(N2CCC(C(=O)NS(=O)(=O)Cc3ccc(C)cc3)CC2)nc1C,4.6
COc1ccc(/C=C/C(=O)O)cc1,4.6
Cc1c[nH]c(C(=O)O)c1,4.6
Cc1ccc(C2CC2C(=O)O)cc1,4.6
O=C(O)/C=C/c1cccc(C(F)(F)F)c1,4.6
O=C(O)CCCOC(=O)CCCBr,4.6
O=C(O)C1CCCC(O)C1,4.6
CCOC(=O)c1cc(C#N)c(N2CCC(C(=O)NS(=O)(=O)Cc3ccccc3)CC2)nc1C,4.6
On1nnc2ccccc21,4.6
O=C(O)C=Cc1ccc2c(c1)OCO2,4.6
Cc1cccc(CCCCCCCC(=O)O)[nH+]1,4.6
CC1[NH2+]C(CCCCCCCC(=O)O)CCC1O,4.6
S=c1[nH]cnc2nn[nH]c12,4.6
CC(=O)C(C=O)C(C)=O,4.6
CCC(C)c1cc([N+](=O)[O-])cc([N+](=O)[O-])c1O,4.62
O=C(O)C=Cc1ccc(O)c(O)c1,4.62
Brc1ccc(Cc2nnn[nH]2)cc1,4.62
Brc1ccc(Cc2nn[nH]n2)cc1,4.62
COc1ccc(C2CC2C(=O)O)cc1,4.62
[NH3+]CCCCCCCCCCC(=O)O,4.62
CC(=O)C1CC(C(=O)O)C1(C)C,4.63
CC(=O)CCC(=O)O,4.64
O=C(O)C=Cc1ccc(O)cc1,4.64
NC(=O)C(CCC(=O)O)c1ccccc1,4.64
O=[N+]([O-])c1ccc(S)cc1,4.64
Cc1cc(C(=O)O)c(C)o1,4.64
C=C(C)C(=O)O,4.65
COc1cccc(CCC(=O)O)c1,4.65
O=C(O)CCc1ccc(Cl)cc1,4.65
[NH3+]CCCCCCCCCCCC(=O)O,4.65
O=C(O)CCc1ccccc1,4.66
CC(=O)CCCC(=O)O,4.66
Cc1ccc(C(=O)NS(=O)(=O)c2ccc(N)cc2)cc1C,4.66
Cc1[nH]c2ccccc2c1CC(=O)O,4.67
Cc1cc(C(CC(=O)O)c2ccccc2)ccc1O,4.67
C=CCCC(=O)O,4.68
CCOc1ccccc1/C=C/C(=O)O,4.68
Cc1cc(C(=O)O)ccc1O,4.68
Nc1n[nH]c(N)c1N=Nc1ccc(C(=O)O)cc1,4.68
CC/C=C/C(=O)O,4.69
O=C(Nc1ccc(Cl)cc1)c1cc(Cl)cc(Cl)c1O,4.7
O=C(Nc1ccccc1)c1cc(Cl)cc(Cl)c1O,4.7
Oc1c(Cl)c(Cl)c(Cl)c(Cl)c1Cl,4.7
COc1ccc(C(=O)CCC(=O)O)cc1,4.7
CC(C)/C=C/C(=O)O,4.7
COc1cccc(S(=O)(=O)NC(=O)c2cc(-c3ccc(C#CCO)s3)c(OC)cc2OC)c1,4.7
Cc1cc(=O)oc2c(F)c(O)c(F)cc12,4.7
O=C(O)CC(c1ccccc1)c1ccccc1Cl,4.7
CCOC(=O)N1CCc2noc(O)c2CC1,4.7
C=CC[NH2+]CCCCCCCCCCC(=O)O,4.7
CC(C)C=CC(=O)O,4.7
CC(C)=C=CC(C)(C)C(=O)O,4.7
CC(=O)O,4.7
CCC(CC)C(=O)O,4.71
CCCC(CC)C(=O)O,4.71
CCC/C=C/C(=O)O,4.71
CCCC=CC(=O)O,4.71
Cc1cc(O)ccc1C(=O)O,4.71
O=C(O)CCCO,4.72
C/C=C/CCC(=O)O,4.72
COc1ccc(CCC(=O)O)cc1,4.72
CCNC(=O)C=C([70SH])c1ccccc1,4.73
Nc1cccc(C(=O)O)c1,4.74
Cc1ccc(CCC(=O)O)cc1,4.74
C#CC#CC#CCC(O)CCC(=O)O,4.75
O=C(O)Cc1c[nH]c2ccccc12,4.75
Cc1cc(C)c2c(O)c(CC(=O)O)oc2c1,4.75
CCCCC(CC)C(=O)O,4.76
O=C(Nc1ccc(F)cc1F)c1cc(Cl)cc(Cl)c1O,4.77
CC(C)CC(=O)O,4.77
Nc1ccc(S(=O)(=O)Nc2nncs2)cc1,4.77
C/C=C/C1=C(O)c2ccccc2C(=O)C1=O,4.78
CCCC(C(CC)CO)C(CC)C(=O)O,4.78
CC=CC1=C(O)C(=O)c2ccccc2C1=O,4.78
CCCC(C)C(=O)O,4.79
C/C=C/C(=O)O,4.79
O=C(O)C1CCC1,4.79
O=C(Nc1ccc(F)cc1)c1cc(Cl)cc(Cl)c1O,4.8
C=C(CCCC)C(=O)O,4.8
CC(C)(C(=O)O)C(C(N)=O)c1ccccc1,4.8
COc1ccccc1-c1nnn[nH]1,4.8
COc1ccccc1-c1nn[nH]n1,4.8
COc1ccccc1CCC(=O)O,4.8
O=C(O)/C=C/c1cccc(Cl)c1,4.8
O=C(O)C1CCCCC1O,4.8
O=C1CCC(O)=C1O,4.8
CCCCCCC(=O)O,4.8
O=C(O)c1c[nH]c2cc(Cl)c(-c3ccc(OCCO)cc3)cc12,4.8
COc1cc(OC)c(-c2ccc(C#CCO)s2)cc1C(=O)NS(=O)(=O)c1ccccc1,4.8
O=C(O)c1c[nH]c2cc(F)c(-c3ccc(C4(O)CCC4)cc3)cc12,4.8
C#CC#CC=C=CC(O)CCC(=O)O,4.8
CC(=O)NS(=O)(=O)c1ccc(C)cc1,4.8
CCC(C)C(=O)O,4.81
c1nnn[nH]1,4.815
c1nn[nH]n1,4.815
O=C(O)CCCCC1CCSS1,4.82
O=C(O)C1CC1c1ccccc1,4.82
CCCC(=O)O,4.82
CC(=O)C1CC(CC(=O)O)C1(C)C,4.82
CC(C)(C)CCC(=O)O,4.83
O=C(O)C1CC1,4.83
CC(O)C1CC(CC(=O)O)C1(C)C,4.83
CC(C)C(=O)O,4.84
CC(C)CCC(=O)O,4.84
CCC(C)CC(=O)O,4.84
O=C(O)C1CCC(O)CC1,4.84
CCCCC(=O)O,4.84
Oc1c(Cl)cc(Cl)c(Cl)c1C[NH+]1CCOCC1,4.84
Nc1ccc(C(=O)O)cc1,4.85
CC(C)CCOc1ccccc1/C=C/C(=O)O,4.85
N#CCCN(CCC#N)c1nn[nH]n1,4.85
O=S(=O)(Nc1ccccc1)C(F)(F)F,4.85
O=C(O)C1C2CCC1CC2,4.85
O=C(O)CCC1CCC(O)CC1,4.86
O=C(O)CCc1c[nH]c2ccccc12,4.87
O=c1cc(O)c2ccccc2o1,4.87
O=C(O)CCCCc1ccccc1,4.88
CC(C)(C)CCCC(=O)O,4.88
CC1CCCC(C)C1C(=O)O,4.88
CC1CCCC(C(=O)O)C1,4.88
CCC(=O)O,4.88
CCCCCC(=O)O,4.88
CCCCCCCC(=O)O,4.89
CCCCCCCCCC(=O)O,4.89
CCCCCCCCCCCC(=O)O,4.89
C[Si](C)(C)CCCC(=O)O,4.89
O=C(O)C12CCC(CC1)C2,4.89
O=C(O)c1c[nH]c2cc(F)c(-c3ccc(C4(O)CCC4)cc3)c(F)c12,4.9
O=C1C(=O)c2ccccc2C(O)=C1Cc1ccccc1,4.9
O=C1C(O)=C(Cc2ccccc2)C(=O)c2ccccc21,4.9
O=C(O)C1CCCCC1,4.9
CC#CC#CC=C=CC(O)CCC(=O)O,4.9
O=NC(=NO)c1ccccc1,4.9
O=c1ccc(O)c(Br)cc1,4.9
O=C(O)CCC1CCCCC1,4.91
C[Si](C)(C)CCC(=O)O,4.91
Oc1c(Cl)c(Cl)cc(Cl)c1C[NH+]1CCOCC1,4.915
Nc1ccccc1C(=O)O,4.95
O=C(O)CCCOc1ccc(Cl)cc1Cl,4.95
O=C(O)CCCC1CCCCC1,4.95
O=C(O)C12CC3CC(CC(C3)C1)C2,4.95
O=[N+]([O-])c1cccc(O)c1[N+](=O)[O-],4.96
CC=C(C)C(=O)O,4.96
O=C(O)CCC(=O)c1ccc2ccccc2c1,4.96
C[Si](C)(CCl)CCCC(=O)O,4.97
CC(CCC(=O)O)C1CCC2C3C(O)CC4CC(O)CCC4(C)C3CC(O)C12C,4.98
O=C(O)c1cc[nH]c1,4.98
C[Si](C)(CCCCl)CCCC(=O)O,4.98
O=C(O)C1CCCC1,4.99
COCCOc1ccc(-c2cc3c(C(=O)O)c[nH]c3cc2Cl)cc1,5
Cc1ccc(C(=O)O)[nH]1,5
Cc1cc(O)cc(=O)o1,5
CC=C(C(=O)O)c1ccc([N+](=O)[O-])cc1,5
CC1=CC(=O)CC(=O)O1,5
CCCCCCCCCCCCCCC(=O)O,5.01
CCCCCCCCCCCCCCCCCC(=O)O,5.01
CC(C1CC1C(=O)O)C1CCC2C3C(O)CC4CC(O)CCC4(C)C3CCC12C,5.01
CC(C)(C)CC(=O)O,5.01
CCC(C)(O)c1cnc(CC(C)C)c(O)[n+]1[O-],5.02
CC[Si](C)(C)CCCC(=O)O,5.02
CN(C)c1ccc(C(=O)O)cc1,5.03
CC1CC1C(=O)O,5.03
CCC(C)(C)C(=O)O,5.03
C[Si](C)(C)O[Si](C)(C)CCCC(=O)O,5.03
C[N+](C)(C)c1ccc(O)c([N+](=O)[O-])c1,5.03
CS(=O)(=O)NC(=O)NCc1ccccc1,5.04
CC1CCCCC1C(=O)O,5.04
CC1CCC(C(=O)O)CC1,5.04
CC(CCC(=O)O)C1CCC2C3C(O)CC4CC(O)CCC4(C)C3CCC12C,5.04
NC(=O)CS(=O)(=O)NC(N)=O,5.05
Cc1ccc(S(=O)(=O)NC(=O)OC(C)(C)C)cc1,5.05
CC(C[Si](C)(C)CCCCl)C(=O)O,5.05
C[Si](C)(C)CCCCCC(=O)O,5.06
COc1ccc2c(c1)nnn2O,5.07
CCOc1cc(N)ccc1C(=O)O,5.09
NC(=O)NS(=O)(=O)Cc1ccccc1,5.09
c1ccc(CCc2nnn[nH]2)cc1,5.09
c1ccc(CCc2nn[nH]n2)cc1,5.09
O=C(O)CCCCCC1NC(=O)CS1,5.1
Cc1cc[nH]c1C(=O)O,5.1
CS(=O)(=O)NC(N)=O,5.1
CC(C)=CC(=O)O,5.12
FC(F)(F)c1nc2ncncc2[nH]1,5.12
CC(C)CCC1=C(O)c2ccccc2C(=O)C1=O,5.13
CC(C)CCC1=C(O)C(=O)c2ccccc2C1=O,5.13
CC1(C(=O)O)CCCCC1,5.13
CCC/C=C(\C)C(=O)O,5.13
CC[NH+](CC)Cc1c(O)c(Cl)cc(Cl)c1Cl,5.13
Oc1c(Cl)c(Cl)cc(Cl)c1Cl,5.14
CC/C(C)=C/C(=O)O,5.14
CCOC(=O)c1nn(Cc2ccccc2)[nH]c1=O,5.14
CCOC(=O)c1nn(C)[nH]c1=O,5.14
O=S(=O)(Cc1ccccc1)c1cn[nH]n1,5.15
O=S(=O)(Cc1ccccc1)c1c[nH]nn1,5.15
CC(C)(C(N)=O)S(=O)(=O)NC(N)=O,5.15
Cc1nsc(S)n1,5.18
COC1CN(c2nc(-c3ncccn3)c(C(=O)O)s2)CCC1NC(=O)c1[nH]c(C)c(Cl)c1Cl,5.2
Nc1ccc(S(=O)(=O)Nc2cccc[n+]2[O-])cc1,5.2
O=[N+]([O-])c1ccc([N+](=O)[O-])c(O)c1,5.21
CC(C(N)=O)S(=O)(=O)NC(N)=O,5.21
Cc1nnn[nH]1,5.21
Cc1nn[nH]n1,5.21
Oc1c(Cl)cc(Cl)c(Cl)c1Cl,5.22
C[Si](C)(C)CC(=O)O,5.22
Cc1cc(O)n(-c2nc(O)cc(C)[nH+]2)n1,5.23
O=[N+]([O-])c1cccc(S)c1,5.24
Cn1cc(N)cc1C(=O)O,5.25
O=C(O)c1c[nH]c2ccccc12,5.27
C[Si](C)(CC(=O)O)c1ccccc1,5.27
O=C(O)c1ccc[nH+]c1[O-],5.28
CCc1c(O)cc(C)oc1=O,5.3
CCCCNC(=O)NS(=O)(=O)c1ccc(C)cc1,5.3
CCC1C(=O)C=C(C)OC1=O,5.3
O=NC(Cc1ccccc1)=NO,5.3
CC1c2cc(O)ccc2CC1CC(=O)O,5.3
CC(=O)c1ccc(S)cc1,5.33
Cc1nnc(NS(=O)(=O)c2ccc(N)cc2)s1,5.34
Cc1cc(C(=O)O)c[nH]1,5.35
CC(=Cc1ccccc1)CC(=O)O,5.35
CC(=O)NS(=O)(=O)c1ccc(N)cc1,5.35
Cc1ccnc(NS(=O)(=O)c2ccc(Cl)cc2)n1,5.37
C(COCCc1nnn[nH]1)OCCc1nnn[n-]1,5.37
CCOC(=O)c1c(O)nnn1Cc1ccccc1,5.38
CC1(C)SC(=S)NC1=O,5.38
CC(=O)NCc1cccc(Cn2nc(NS(=O)(=O)c3ccc(Cl)s3)c3c(C#N)cccc32)c1,5.4
COC1CN(c2nc(-c3cnccn3)c(C(=O)O)s2)CCC1NC(=O)c1[nH]c(C)c(Cl)c1Cl,5.4
O=c1[nH]c2cc(Cl)ccc2c(O)c1-c1ccccc1,5.4
CC[Si](C)(C)CC(=O)O,5.4
COC(=O)c1ccc(O)c([N+](=O)[O-])c1,5.4
NC(=O)NS(=O)(=O)c1ccc(N)cc1,5.41
O=[N+]([O-])c1ccc(O)cc1[N+](=O)[O-],5.42
O=Nc1c(O)ccc2ncsc12,5.43
CCOC(=O)c1ccc(O)c([N+](=O)[O-])c1,5.44
O=[N+]([O-])c1ccc(O)c(Cl)c1,5.45
CC(=O)NCc1cccc(Cn2nc(NS(=O)(=O)c3ccc(Cl)s3)c3c(C(C)(C)O)cccc32)c1,5.46
O=[N+]([O-])c1cccc(Cl)c1O,5.48
CCOC(=O)C(=NO)C(=O)OCC,5.48
C[N+](C)(C)Cc1ccc(S)cc1,5.5
Cc1cc(O)n(-c2nc(O)c(C)c(C)[nH+]2)n1,5.5
O=C1Oc2ccccc2C(=O)C1CC1C(=O)Oc2ccccc2C1=O,5.5
CN1CC(C(=O)Nc2ccc(Cl)cc2)C(=O)C1=O,5.51
CCOC(=O)c1c(O)nnn1C,5.54
CC(C)c1nn[nH]n1,5.55
CN1CC(C(=O)Nc2ccc(F)cc2)C(=O)C1=O,5.55
CCc1nnn[nH]1,5.59
CCc1nn[nH]n1,5.59
Oc1c(Cl)cc(Cl)cc1Cc1cc(Cl)cc(Cl)c1O,5.6
CCC1(C)NC(=O)c2cc(S(=O)(=O)Nc3ccc(OC)cc3)ccc2NC1=O,5.6
CCCc1nnn[nH]1,5.61
CCCc1nn[nH]n1,5.61
CC(=O)NCc1cccc(Cn2nc(NS(=O)(=O)c3ccc(Cl)s3)c3c(C(C)O)cccc32)c1,5.62
CC(=O)NCc1cccc(Cn2nc(NS(=O)(=O)c3ccc(Cl)s3)c3c(F)cccc32)c1,5.62
O=C1CC(=O)c2ccccc2O1,5.64
C[NH+](C)Cc1cc(-c2ccccc2)cc(C[NH+](C)C)c1O,5.65
C[n+]1nc(O)ccc1[O-],5.65
CCC[Si](C)(CCC)CC(=O)O,5.65
CC(=O)NCc1cccc(Cn2nc(NS(=O)(=O)c3ccc(Cl)s3)c3c(CO)cccc32)c1,5.66
Oc1c(Cl)cc(Cl)cc1C[NH+]1CCOCC1,5.67
O=c1cc(C(F)(F)F)c2cc(F)c(O)cc2o1,5.7
CCC1(CC)OC(=O)NC1=O,5.7
O=Cc1ccc(O)c2ncccc12,5.715
O=S(=O)(Nc1nccs1)c1ccccc1,5.73
O=C(O)CCCc1ccc(N(CCCl)CCCl)cc1,5.75
O=C1Cc2c1ccc(O)c2Br,5.75
CC[NH+](CC)Cc1cc([N+](=O)[O-])ccc1O,5.75
CC[NH+]1CCCC1CNC(=O)c1c(OC)ccc([N+](=O)[O-])c1O,5.75
C[NH+](C)Cc1cc([N+](=O)[O-])ccc1O,5.75
Sc1cccc(Cl)c1,5.76
[O-][n+]1ccc(O)cc1,5.76
O=[N+]([O-])c1ccc(O)c(C[NH+]2CCOCCOCCOCCOCCOCC2)c1,5.77
CC(=O)C(C)C(C)(C)C(=O)O,5.79
Cc1ccc(NC(=O)C2CN(C)C(=O)C2=O)cc1,5.79
O=[N+]([O-])c1ccc(O)c(C[NH+]2CCOCCOCCOCCOCC2)c1,5.79
Oc1c(Cl)ccc(Cl)c1Cl,5.8
Cc1[nH]ccc1C(=O)O,5.8
O=c1cc(O)c2ccc(Cl)cc2[nH]1,5.8
Sc1ccc(Br)cc1,5.8
CC(N=O)=NO,5.8
CCC(N=O)=NO,5.8
CC(=O)NC1CONC1=O,5.8
COC(C)=CC(=O)O,5.81
Sc1ccc(Cl)cc1,5.82
Cc1nc2c(n1C)C(=O)c1[nH]c(=O)[nH]c(=O)c1C2=O,5.82
COc1ccc(NC(=O)C2CN(C)C(=O)C2=O)cc1,5.84
Nc1ccc(S(=O)(=O)Nc2nccs2)cc1N=Nc1ccccc1,5.85
CC(=O)c1ccc(O)c2ncccc12,5.86
CN1CC(C(=O)Nc2ccccc2)C(=O)C1=O,5.86
O=c1cc(O)c2ccccc2[nH]1,5.86
CC(=O)Nc1ccc(S(=O)(=O)Nc2nccs2)cc1,5.87
O=[N+]([O-])c1ccc(O)c(C[NH+]2CCCCC2)c1,5.88
CC[NH+]1CCCC1CNC(=O)c1c(O)c(Br)cc(Br)c1OC,5.88
Cc1[nH]c2ccccc2c1C(=O)O,5.89
Cc1cc(=O)oc2cc(O)cc(F)c12,5.9
Cc1cccc(NS(=O)(=O)c2ccc(N)cc2)[n+]1[O-],5.9
O=C1c2ccccc2C(=O)C1Cc1ccccc1,5.9
O=[N+]([O-])c1[nH]cnc1Cl,5.9
O=c1cccccc1S,5.9
CCc1c(-c2ccccc2)nn(C2CC[NH+](C)CC2)c1O,5.9
CN(C)c1nnn[nH]1,5.92
CN(C)c1nn[nH]n1,5.92
CC(=O)NCc1cccc(Cn2nc(NS(=O)(=O)c3ccc(Cl)s3)c3ccccc32)c1,5.93
CC[NH+](CC)Cc1cc(Cl)cc(Cl)c1O,5.95
N#Cc1ccc(S(=O)(=O)Nc2cc3c(=O)[nH]ccc3cc2F)cc1,5.97
Oc1c(Cl)cc(Cl)cc1C[NH+]1CCCCC1,5.97
Nc1nnn[nH]1,5.98
Nc1nn[nH]n1,5.98
O=C(Nc1ccc(Cl)cc1)c1cc(Br)ccc1O,6
CC(C)CNC(=O)C(C)NC(=O)c1[nH+]ccc(O)c1[O-],6
CC(C)CNC(=O)C(Cc1ccccc1)NC(=O)c1[nH+]ccc(O)c1[O-],6
CNC(=O)C(C)NC(=O)c1[nH+]ccc(O)c1[O-],6
CC(NC(=O)c1[nH+]ccc(O)c1[O-])C(=O)NCc1ccccc1,6
O=C(NC(Cc1ccccc1)C(=O)NCc1ccccc1)c1[nH+]ccc(O)c1[O-],6
Cc1cnc(NS(=O)(=O)c2ccc(N)cc2)nc1C,6
CCC1(C)OC(=O)NC1=O,6
Cc1cc(I)c(O)c(I)c1,6
O=S(=O)(Nc1nccs1)c1ccc(O)cc1,6
CC(=O)NCc1cccc(Cn2nc(NS(=O)(=O)c3ccc(Cl)s3)c3c(Cl)cccc32)c1,6.03
Nc1ccc(S(=O)(=O)Nc2cnccn2)cc1,6.04
O=C1CCC(=O)N1O,6.04
O=[N+]([O-])c1ccc(Cl)cc1O,6.05
CNc1nnn[nH]1,6.06
CNc1nn[nH]n1,6.06
CCC[n+]1cccc2c(O)cccc21,6.06
O=[N+]([O-])c1ccc(O)cc1C(F)(F)F,6.07
O=[N+]([O-])c1ccc(F)cc1O,6.07
N#Cc1c(-c2nc3ccccc3o2)c(=O)oc2cc(O)ccc12,6.07
CC(=O)Nc1ccc(S)cc1,6.08
O=S(Cc1ccccc1)c1cn[nH]n1,6.09
O=S(Cc1ccccc1)c1cnn[nH]1,6.09
O=S(Cc1ccccc1)c1c[nH]nn1,6.09
CC(=O)CC(=O)C(F)(F)F,6.09
CNC(=O)C(Cc1ccccc1)NC(=O)c1[nH+]ccc(O)c1[O-],6.1
Cc1cc(=O)oc2cc(O)c(Cl)cc12,6.1
O=C(O)Cc1cccc2oc(-c3ccc(Cl)cc3)nc12,6.1
C=CCC1(CC=C)SC(=O)NC1=O,6.1
N#CC(C#N)=NNc1ccccc1O,6.1
CCNc1nnn[nH]1,6.12
CCNc1nn[nH]n1,6.12
C[n+]1cccc2c(O)cccc21,6.12
O=C(O)c1ccccc1N=CC=Cc1ccccc1,6.12
CC(=O)CC=O,6.12
O=C1c2ccccc2C(=O)N1O,6.13
CC1(C)OC(=O)NC1=O,6.15
O=C(Nc1ccccc1)c1cc(Cl)ccc1O,6.17
Nc1ccc(S(=O)(=O)Nc2ccncn2)cc1,6.17
CC1C(=O)c2ccccc2C1=O,6.17
O=c1ccc2ccc(O)cc2o1,6.18
O=C1NC(=O)C(Cc2ccccc2)S1,6.19
Cc1cc(=O)n2ncnc2[nH]1,6.19
CC(C)CNC(=O)CNC(=O)c1[nH+]ccc(O)c1[O-],6.2
Cc1ccc(-c2nc3cccc(C(C)C(=O)O)c3o2)cc1,6.2
Cc1nc2c(=O)[nH]c(=O)[nH]c2n1C,6.2
O=C(CNC(=O)c1[nH+]ccc(O)c1[O-])NCc1ccccc1,6.2
CC(C(=O)O)c1cccc2nc(-c3ccccc3)oc12,6.2
Cc1cc(C=O)c(O)c(C=O)c1,6.2
Oc1c(Cl)cc(Br)cc1Cl,6.21
Oc1c(Cl)cc(Cl)cc1Cl,6.23
O=S(=O)(Cc1ccccc1)c1ncn[nH]1,6.23
CC(C(=O)O)c1cccc2nc(-c3ccc(Cl)cc3)oc12,6.25
CNC(=O)CNC(=O)c1[nH+]ccc(O)c1[O-],6.3
COC(=O)c1ccccc1S,6.3
c1ccc(Nc2nnn[nH]2)cc1,6.3
c1ccc(Nc2nn[nH]n2)cc1,6.3
O=C(O)Cc1cccc2oc(-c3ccccc3)nc12,6.3
O=C(CC(=O)C(F)(F)F)c1ccccc1,6.3
CCC1(c2ccccc2)C(=O)NC(=S)NC1=O,6.3
CCCCN(C(=O)c1cc([N+](=O)[O-])ccc1O)c1ccc(N=Nc2ccc3c(c2)OCCOCCOCCOCCOCCO3)cc1,6.3
O=C(CC(=O)C(F)(F)F)c1cccs1,6.31
CC1CCc2cc(F)cc3c(=O)c(C(=O)O)cn1c23,6.325
CCN(CC)c1nnn[nH]1,6.33
CCN(CC)c1nn[nH]n1,6.33
COc1cc(C[NH+](C)C)c(O)c(C[NH+](C)C)c1,6.33
O=C(O)C12CCC(O)(CC1)CC2,6.33
S=c1[nH]c2ccccc2o1,6.33
Oc1cc(Cl)c(Cl)c(Cl)c1Cl,6.35
Fc1ccc(S)cc1,6.35
O=C1C(=NO)C=C(S(=O)(=O)[O-])c2cn[nH]c21,6.35
CCCC1(CCC)SC(=O)NC1=O,6.37
CCOC(=O)COc1ccc(C(=O)c2ccc(O)c(C[NH3+])c2)c(Cl)c1Cl,6.38
COc1cccc(S)c1,6.39
Cc1cc(=O)oc2c(F)c(O)ccc12,6.4
Cc1cc(=O)oc2cc(O)c(F)cc12,6.4
CC(C)C1=CC2=CCC3C(C)(C(=O)O)CCCC3(C)C2CC1,6.4
[O-][n+]1cccc(O)c1,6.4
O=C([O-])c1ccc(O)c([N+](=O)[O-])c1,6.41
Nc1ccc(S(=O)(=O)Nc2ncccn2)cc1,6.42
Cc1cc(C[NH+](C)C)c(O)c(C[NH+](C)C)c1,6.45
N#CC(C#N)=NNc1cccc(O)c1,6.45
O=[N+]([O-])c1cc(Cl)ccc1O,6.46
Cc1ccc(S)cc1,6.47
O=Nc1ccc(O)cc1,6.48
O=C1CSC(=S)N1,6.48
Sc1cccc2ncccc12,6.48
Sc1ccccc1,6.485
NC(=O)c1ccccc1O,6.49
CCOC(=O)c1ccccc1NC(=O)C1=C(O)C(=O)N(C)C1,6.49
Oc1ccc(Cl)c(Cl)c1Cl,6.5
COc1cc2ccc(=O)oc2cc1O,6.5
O=c1[nH]c(CCc2ccccc2)ns1,6.5
O=C1CN(C(=O)c2ccccc2)C(=S)N1,6.5
Cc1nnc(C)n1O,6.5
Sc1ccc2ncccc2c1,6.5
NS(=O)(=O)C(F)(F)Cl,6.5
CCC1C(=O)c2ccccc2C1=O,6.5
NS(=O)(=O)C(F)(F)Br,6.53
CCC1(CC)C(=O)NC(=O)N(C(=O)c2ccccc2OC)C1=O,6.54
Cc1ccnc(NS(=O)(=O)c2ccc(N)cc2)n1,6.59
O=c1oc2c(O)c(O)cc3c(=O)oc4c(O)c(O)cc1c4c23,6.59
Cc1ccccc1NC(=O)c1cc(Cl)ccc1O,6.6
COC(=O)c1nc2c(NC(C)CO)nc(SCc3cccc(F)c3F)nc2[nH]c1=O,6.6
COc1cccc2c1c(NS(=O)(=O)c1ccc(Cl)s1)nn2Cc1cccc(CNC(C)=O)c1,6.6
O=C(O)Cc1ccc2c(-c3ccccc3)cccc2c1,6.6
O=C(O)Cc1ccc2cc(-c3ccccc3)ccc2c1,6.6
O=Cc1ccc(O)cc1Cl,6.6
O=[N+]([O-])C(=NO)c1ccc(Cl)cc1,6.6
O=c1cnn(C2OC(CO)C(O)C2O)c(=O)[nH]1,6.6
O=Cc1cccc(Cl)c1O,6.61
CC(C)(C)c1cc([N+](=O)[O-])cc(C(C)(C)C)c1O,6.62
Cc1cc(O)n(C2CC[NH+](C)CC2)n1,6.63
CNc1ccc(S(=O)(=O)Nc2nc(C)cs2)cc1,6.63
O=[N+]([O-])c1ccc(NS(=O)(=O)c2ccccc2)cc1,6.63
Oc1ccccc1C1=[NH+]CCN1,6.63
Nc1c2ccccc2[nH+]c2cc(O)ccc12,6.63
CC1(C)SC(=O)NC1=O,6.64
Oc1c(Br)cccc1Br,6.67
CCOC(=O)COc1ccc(S(=O)(=O)c2ccc(O)c(C[NH3+])c2)c(Cl)c1Cl,6.67
O=C1CSC(=O)N1,6.68
O=[N+]([O-])c1cc(O)cc([N+](=O)[O-])c1,6.69
O=C(O)Cc1cc(-c2ccccc2)cc2ccccc12,6.7
O=C(O)Cc1ccc2ccc(-c3ccccc3)cc2c1,6.7
O=C(O)Cc1cccc2c(-c3ccccc3)cccc12,6.7
Oc1cccc2cccc(O)c12,6.71
C[NH+]1CCC(n2nc(-c3ccccc3)c(Cc3ccccc3)c2O)CC1,6.73
O=C(Nc1ccc(Cl)cc1[N+](=O)[O-])c1ccccc1O,6.74
COc1cccc([N+](=O)[O-])c1O,6.74
COc1ccc(S)cc1,6.76
COc1cccc2c1c(NS(=O)(=O)c1ccc(Cl)c(Cl)c1)nn2Cc1cccc(CNC(=O)C(C)(C)O)c1,6.76
Cn1cnc2c(N=O)c(O)ccc21,6.76
O=Cc1ccncc1O,6.77
Cc1ccc2c([N+](=O)[O-])ccc(O)c2n1,6.78
Oc1cncnc1,6.78
CC(=O)Nc1ccc(O)c([N+](=O)[O-])c1,6.78
Oc1c(Cl)cccc1Cl,6.79
NS(=O)(=O)C(F)(F)I,6.79
Oc1c(Br)cc(Br)cc1Br,6.8
CC1CCc2c(N3CCC(O)CC3)c(F)cc3c(=O)c(C(=O)O)cn1c23,6.8
N#Cc1cn(C2OC(CO)C(O)C2O)c(=O)[nH]c1=O,6.8
N#Cc1cn(C2CC(O)C(CO)O2)c(=O)[nH]c1=O,6.8
O=C(O)Cc1ccc(-c2ccccc2)c2ccccc12,6.8
O=C(O)Cc1ccc2cccc(-c3ccccc3)c2c1,6.8
O=c1oc2cc(O)ccc2cc1-c1nc2cc(Cl)ccc2o1,6.8
O=C(Nc1nnc(-c2ccccc2)s1)c1ccccc1,6.8
C[n+]1cccc2cccc(O)c21,6.81
COc1cccc2c1c(NS(=O)(=O)c1cccc(Cl)c1Cl)nn2Cc1cccc(CNC(=O)C(C)(C)O)c1,6.82
O=c1oc2cc(O)ccc2cc1-c1nc2ccccc2o1,6.84
O=c1cc(-c2ccccc2)oc2cc(O)c(O)cc12,6.85
N#Cc1ccccc1O,6.86
[O-]c1ccc2ccccc2[n+]1O,6.88
N#Cc1ncnc2nc[nH]c12,6.88
CCc1nsc(=O)[nH]1,6.89
CCc1nsc(O)n1,6.89
CCC1(C)NC(=O)c2cc(S(=O)(=O)Nc3ccc(C(F)(F)F)cc3)ccc2NC1=O,6.9
O=C(O)Cc1c(-c2ccccc2)ccc2ccccc12,6.9
O=C(O)Cc1cccc2cc(-c3ccccc3)ccc12,6.9
O=C(O)Cc1cccc2ccc(-c3ccccc3)cc12,6.9
O=c1ccc2ccc(O)c(O)c2o1,6.9
CS(=O)(=O)Nn1c(=O)[nH]c2cc(Cl)ccc2c1=O,6.9
COc1cc(C)nc(-n2nc(C)cc2O)n1,6.9
C[n+]1ccc2c(O)cccc2c1,6.9
O=C(Nc1ccccc1[N+](=O)[O-])c1ccccc1O,6.91
CCc1cc(Cl)c(O)c(C(=O)NCC2CCC[NH+]2CC)c1OC,6.91
CCc1cc(Cl)c(OC)c(C(=O)NCC2CCC[NH+]2CC)c1O,6.91
Nc1cc[nH+]c2c(O)cccc12,6.91
N#Cc1ccc(S(=O)(=O)Nc2ccc3cc[nH]c(=O)c3c2)cc1,6.93
CC(=O)c1ccc(NS(=O)(=O)c2ccccc2)cc1,6.94
Nc1ccc(S(=O)(=O)Nc2ccn(-c3ccc([N+](=O)[O-])cc3)n2)cc1,6.94
Oc1c(Br)cc(I)c2nc3cc(Cl)c(Cl)cc3nc12,6.95
O=Cc1ncccc1O,6.95
Nc1ccc(S(=O)(=O)Nc2nccs2)c(Cl)c1,6.95
Cc1nc(NS(=O)(=O)c2ccc(N)cc2)sc1C,6.97
CCCc1c(-c2ccccc2)nn(-c2ccccc2)c1O,7
O=C(O)Cc1cc(-c2ccccc2)c2ccccc2c1,7
Cc1cc(S(=O)(=O)Nc2nccs2)ccc1N,7
Cc1cc(C[NH3+])c(O)c(C[NH3+])c1,7
Sc1cccnc1,7.01
Oc1nsc2ccccc12,7.01
Oc1cc2ccccc2cc1C1=[NH+]CCN1,7.01
Nc1ccc(S(=O)(=O)Nc2ccn(-c3cccc([N+](=O)[O-])c3)n2)cc1,7.03
Oc1c(F)ccc(Cc2ccccc2)c1F,7.05
CN(C)c1cc[nH+]c2c(O)cccc12,7.05
Cc1ncc2c(c1O)C(=O)OC2,7.05
CC(=O)C(C[NH+]1CCCCC1)=NO,7.05
Nc1c2ccccc2[nH+]c2c(O)cccc12,7.05
Cc1cc(O)n(-c2ccc(OCc3no[n+]([O-])c3C#N)cc2)n1,7.06
COc1ccc(-n2nc(C)cc2O)cc1,7.06
COc1cccc2c1c(NS(=O)(=O)c1cccc(Cl)c1)nn2Cc1cccc(CNC(=O)C(C)(C)O)c1,7.06
Nc1ccc(S(=O)(=O)Nc2cccnn2)cc1,7.06
CC[NH+]1CCCC1CNC(=O)c1c(OC)ccc(Cl)c1O,7.07
CCC[n+]1cccc2cc(O)ccc21,7.08
C[n+]1ccc2ccc(O)cc2c1,7.09
CC1(C)CCc2c(Cl)c(O)c(Cl)c(Cl)c2O1,7.1
CCC1(C)C(=O)Nc2ccc(S(=O)(=O)Nc3ccc(F)cc3F)cc2C(=O)N1C,7.1
NS(=O)(=O)c1nn2c(=O)n(CCCl)c(=O)nc2s1,7.1
O=C(O)Cc1cc2ccccc2cc1-c1ccccc1,7.1
O=c1ccc(S(=O)(=O)c2ccccc2)n[nH]1,7.1
Cc1cc([N+](=O)[O-])ccc1O,7.1
O=COO,7.1
Cc1cc(O)n(-c2ccc(OCCCO[N+](=O)[O-])cc2)n1,7.11
O=S(=O)(Cc1ccccc1)c1ccccc1O,7.12
Oc1c(F)cccc1F,7.12
Nc1ccc(S(=O)(=O)Nc2ccc(Br)nc2)cc1,7.12
COc1cc(OC)nc(NS(=O)(=O)c2ccc(N)cc2)n1,7.12
Cc1csc(NS(=O)(=O)c2ccc(N)cc2)n1,7.12
NC(=O)c1cc[n+](COC[n+]2ccccc2C=NO)cc1,7.13
O=C(Nc1ccc(Cl)cc1Cl)c1ccccc1O,7.14
N#Cc1cccc(NS(=O)(=O)c2ccccc2)c1,7.15
C[n+]1cccc2cc(O)ccc21,7.15
O=C1C=C(S(=O)(=O)[O-])C(=NO)c2[nH]ncc21,7.15
Cc1cc(Cl)c(O)c(Cl)c1,7.19
Oc1c(F)cc(Cc2ccccc2)cc1F,7.19
CCC1(C)NC(=O)c2cc(S(=O)(=O)Nc3ccccc3Cl)ccc2NC1=O,7.2
CCCCCCCCCc1c(-c2ccccc2)nn(-c2ccccc2)c1O,7.2
CCCCc1c(-c2ccccc2)nn(-c2ccccc2)c1O,7.2
O=C(O)Cc1ccc2ccccc2c1-c1ccccc1,7.2
Cc1ccc2nc3ccc(O)cc3nc2c1,7.2
Oc1ccc(N=Nc2nc3ccccc3s2)c2cccnc12,7.2
CCOC(=O)C(=NO)C(C)=O,7.2
O=[N+]([O-])c1ccccc1O,7.23
O=C1Cc2cc(O)ccc21,7.24
CCc1cc(CC)c(OC)c(C(=O)NCC2CCC[NH+]2CC)c1O,7.24
Nc1ccc(S(=O)(=O)Nc2nccs2)cc1,7.25
CC[NH+](CC)Cc1cccc(F)c1O,7.26
[O-][n+]1cnc(NCc2ccccc2)c2nc[nH]c21,7.27
O=C(Nc1ccc(Cl)cc1)c1ccccc1O,7.3
Cc1cc(Cl)ccc1NC(=O)c1cc(F)ccc1O,7.3
CCCCCc1c(-c2ccccc2)nn(-c2ccccc2)c1O,7.3
O=c1cc(C(F)(F)F)c2ccc(O)cc2o1,7.3
CCC1(C)NC(=O)c2cc(S(=O)(=O)Nc3ccc(F)cc3F)ccc2NC1=O,7.3
CCn1c(=O)nc2sc(S(N)(=O)=O)nn2c1=O,7.3
CC(=O)N=c1sc(S(N)(=O)=O)nn1C,7.3
O=C(OO)c1ccccc1,7.3
Oc1c(Br)cc(Br)c2cccnc12,7.3
O=C(Nc1ccccc1Cl)c1ccccc1O,7.31
O=C(Nc1ccc(Br)cc1)c1ccccc1O,7.31
COc1ccc(O)c([N+](=O)[O-])c1,7.31
C[S+](C)c1ccc(O)cc1,7.31
CC(=O)N(c1ccccc1)c1nnc(S(N)(=O)=O)s1,7.32
CN(C)C(=O)C=C(O)c1ccncc1,7.32
O=c1[nH]c2ccc(F)c(Cl)c2cc1O,7.33
CCOC(=O)COc1ccc(C(=O)c2ccc(O)c(C[NH3+])c2)cc1,7.34
FC(F)(F)c1ncnc2nc[nH]c12,7.35
CCOc1cc(C)nc(-n2nc(C)cc2O)n1,7.35
Oc1cc(Cl)c(O)c(Cl)c1,7.38
O=S(Cc1ccccc1)c1ncn[nH]1,7.38
O=c1cc(-c2ccccc2)oc2cc(O)ccc12,7.39
O=C(NO)c1ccccc1O,7.39
O=C(Nc1ccccc1)c1ccccc1O,7.4
Oc1cc(Cl)c(Cl)cc1Cl,7.4
Cc1ccc(O)c([N+](=O)[O-])c1,7.4
COc1cc(C=O)ccc1O,7.4
O=Cc1cc(Br)ccc1O,7.4
O=Cc1cc(Cl)ccc1O,7.4
CC(=O)N(C)c1nnc(S(N)(=O)=O)s1,7.4
Oc1cccc2nnccc12,7.4
Cc1ccc([N+](=O)[O-])c(O)c1,7.41
O=[N+]([O-])c1ccc(S(=O)(=O)Nc2ccccc2)cc1,7.41
Cc1cc(Cl)ccc1NC(=O)c1ccccc1O,7.43
CC(=O)C(=NO)C(C)=O,7.44
Oc1ccc2nc3ccccc3nc2c1,7.45
O=Cc1ccc(O)c(O)c1,7.45
C[N+](C)(C)c1ccccc1O,7.46
Nn1cnnc1S,7.47
CC(=O)Nc1nnc(S(N)(=O)=O)s1,7.48
Cc1cc(NS(=O)(=O)c2ccc(N)cc2)nc(C)n1,7.49
CCCCCCCCc1c(-c2ccccc2)nn(-c2ccccc2)c1O,7.5
Oc1ccccc1-c1ccccc1O,7.5
CC(CO)Nc1nc(SCc2cccc(F)c2F)nc2[nH]c(=O)cnc12,7.5
CC(=O)CC(=S)Nc1ccccc1,7.5
CC[NH+](CC)Cc1c(O)cccc1Cl,7.5
O=[N+]([O-])c1cccc(S(=O)(=O)Nc2ccccc2)c1,7.5
Cc1cc(N=Nc2nc3ccccc3s2)c2cccnc2c1O,7.5
Oc1cc(Cl)ccc1Cl,7.51
FC(F)(F)c1cc(C(F)(F)F)[nH]n1,7.51
Oc1c(Cl)cc(Cl)c2cccnc12,7.51
COC(=O)C=C(O)c1ccncc1,7.51
O=Nc1ccc2ccccc2c1O,7.52
O=C1C(=NO)C=Cc2ccccc21,7.52
Oc1ccc2nnccc2c1,7.52
Cc1cc(C2(c3ccc(O)c(C)c3)OS(=O)(=O)c3c(Br)c(Br)c(Br)c(Br)c32)ccc1O,7.53
O=S(=O)(Nc1cccc(F)c1)c1ccccc1,7.54
Oc1ccccc1-c1cc2ccccc2cc1O,7.55
CNS(=O)(=O)C(F)(F)F,7.56
CC(C)[NH2+]CC(=O)c1ccc(O)cc1,7.56
Oc1ccc2ccnnc2c1,7.56
CC(=O)CC(=S)Nc1cccc(C)c1,7.56
C[NH+](C)Cc1cc(Br)ccc1O,7.58
CCC(C)c1ccc(O)c([N+](=O)[O-])c1,7.59
Fc1cc(-c2cn[nH]n2)ccn1,7.59
Fc1cc(-c2cnn[nH]2)ccn1,7.59
Fc1cc(-c2c[nH]nn2)ccn1,7.59
Nc1cc([N+](=O)[O-])ccc1O,7.6
Oc1ccc(Cl)cc1Cc1cc(Cl)ccc1O,7.6
Cc1c(O)n[nH]c1-c1ccccc1,7.6
Cc1cc(O)ccc1[S+](C)C,7.6
Clc1cc(-c2cn[nH]n2)ccn1,7.6
Clc1cc(-c2cnn[nH]2)ccn1,7.6
Clc1cc(-c2c[nH]nn2)ccn1,7.6
O=c1[nH]c2cccc(Cl)c2cc1O,7.6
Oc1c(Cc2ccccc2)c(-c2ccccc2)nn1-c1ccccc1,7.6
O=c1c(Cc2ccccc2)c(-c2ccccc2)[nH]n1-c1ccccc1,7.6
[N-]=[N+]=Nc1ncnc2nc[nH]c12,7.6
O=C1CCCC(=O)N1O,7.6
O=S(=O)([O-])c1ccc(O)c2[nH]ncc12,7.6
O=S(=O)([O-])c1ccc(O)c2cn[nH]c12,7.6
Nc1ccc(S(=O)(=O)Nc2ncccc2O)cc1,7.6
O=Cc1ccc(O)cc1,7.61
O=S(=O)(Nc1cccc(C(F)(F)F)c1)c1ccccc1,7.63
Oc1ccc(Br)cc1Cl,7.64
COc1nc(-n2nc(C)cc2O)nc(C)c1C,7.64
ON=Cc1cnns1,7.64
CC(=O)C=C(C)O,7.64
COc1cc(C(C)=O)ccc1O,7.65
CC(=O)CC(=S)Nc1ccc(C)cc1,7.65
CCC1(c2ccccc2)C(=O)NC(=S)N(C)C1=O,7.65
O=C(C=NO)C=NO,7.65
Cc1cc(O)ccc1[N+](=O)[O-],7.65
O=S1(=O)C=C(O)c2ccccc21,7.65
C[S+](C)c1cccc(O)c1,7.67
O=C(Oc1ccc([N+](=O)[O-])cc1[N+](=O)[O-])c1ccc(O)cc1,7.68
C[NH+](C)CCS,7.68
Nc1nnc(S(N)(=O)=O)s1,7.69
COc1ccc(-c2nc3nnc(SC)nc3[nH]2)c(OC)c1,7.69
Oc1cccc(Cl)c1Cl,7.7
CC1(C)CCc2c(cc(Cl)c(O)c2Cl)O1,7.7
Clc1ccc2nn[nH]c2c1,7.7
Clc1ccc2[nH]nnc2c1,7.7
Clc1ccc2n[nH]nc2c1,7.7
O=C(NO)c1cccc2ccccc12,7.7
O=S(Cc1ccccc1)c1ccccc1O,7.7
Oc1n[nH]c(-c2ccccc2)c1Cc1ccccc1,7.7
O=c1[nH]c(=O)n(C2CC(O)C(CO)O2)cc1F,7.7
Oc1ccc(I)c2nc3cc(Cl)c(Cl)cc3nc12,7.7
CC[NH+](CC)Cc1cc(Br)ccc1O,7.7
C[NH2+]CC(=O)c1ccc(O)cc1,7.7
Nc1c2ccccc2[nH+]c2ccc(O)cc12,7.71
CC[NH+](CC)CCS,7.72
Cc1cc(=O)[nH]c(=S)[nH]1,7.73
CCc1cc([N+](=O)[O-])cc(CC)c1O,7.73
Oc1ccc(N=Nc2ccncc2)cc1,7.73
COc1nc2ncncc2[nH]1,7.73
O=c1cc[nH]c(=S)[nH]1,7.75
CN(C)C(=O)CC(=O)c1ccncc1,7.75
O=C([O-])c1ccc(NS(=O)(=O)c2ccccc2)cc1,7.75
Clc1ncnc2nc[nH]c12,7.75
C[n+]1ccccc1C=NO,7.75
Oc1cnoc1,7.75
O=c1cccc(Cl)[nH]1,7.76
CCCC[NH+](CCS)CCCC,7.76
O=Nc1c(O)ccc2ccccc12,7.77
O=C1C=Cc2ccccc2C1=NO,7.77
O=S(=O)(Nc1ccc(Br)cc1)c1ccccc1,7.78
CCc1c(O)n[nH]c1-c1ccccc1,7.8
CNc1nnc(S(N)(=O)=O)s1,7.8
Cc1c(-c2ccccc2)nn(-c2ccccc2)c1O,7.8
Cc1cc(=O)oc2cc(O)ccc12,7.8
NS(=O)(=O)c1nc2ccccc2s1,7.8
Cc1c(-c2ccccc2)[nH]n(-c2ccccc2)c1=O,7.8
Nc1ccc(O)c([N+](=O)[O-])c1,7.81
Nc1n[nH]c(N)c1N=Nc1ccc(O)cc1,7.81
O=c1cc(-c2ccccc2)oc2c(O)cccc12,7.82
O=c1cc(CO)occ1O,7.82
CS(=O)(=O)c1ccc(O)cc1,7.83
Oc1cc(Cl)c(Cl)c(Cl)c1,7.84
Cc1cc(Cl)cc(Cl)c1O,7.85
SCC[NH2+]CCc1ccccc1,7.85
Nc1ccc(S(=O)(=O)Nc2ccc(S(N)(=O)=O)cc2)cc1,7.85
Oc1ccc(-c2cc(=S)ss2)cc1,7.86
SCC[NH2+]Cc1ccccc1,7.86
O=C(c1ccccc1)N(O)c1ccccc1,7.87
Oc1ccc(Cl)cc1Cl,7.89
Nc1ccc(S(=O)(=O)Nc2cccnc2)cc1,7.89
NS(=O)(=O)c1cc(C(=O)c2ccc(O)cc2)cs1,7.9
CCC1(C)NC(=O)c2cc(S(=O)(=O)Nc3ccc(Cl)cc3)ccc2N(C)C1=O,7.9
CCC1(C)NC(=O)c2cc(S(=O)(=O)Nc3ccc(OC(F)F)cc3)ccc2NC1=O,7.9
CC(C)(C)[NH2+]CC(=O)c1ccc(O)cc1,7.9
CC(=O)C(Cl)=NO,7.9
O=C(C=NO)CCl,7.9
CN(C)C(=O)c1ncnc2nc[nH]c12,7.9
Oc1c(I)cc(Cl)c2cccnc12,7.9
COc1cccc(C=O)c1O,7.91
NC(=O)CC(=O)c1ccncc1,7.91
O=CN(O)c1ccccc1,7.92
NNC(=O)C(F)(F)C(F)(F)F,7.92
CCC[NH2+]CCS,7.92
CN(O)C(=O)c1ccc([N+](=O)[O-])cc1,7.92
COc1cccc(NS(=O)(=O)c2ccccc2)c1,7.95
Oc1ccc2cnncc2c1,7.95
Cc1nnc(S)n1N,7.97
COc1ccc(O)c(N=Nc2nc(C)cs2)c1,7.98
C[N+](C)(C)CCS,7.98
CC(C)(C)C1C(=O)NC(=O)NC1=O,7.98
O=[N+]([O-])C=Cc1ccc(O)cc1,7.98
NS(=O)(=O)c1ccc(S(=O)(=O)CCCO)c([N+](=O)[O-])c1,8
CCCCCCCc1c(-c2ccccc2)nn(-c2ccccc2)c1O,8
CCCc1c(O)n[nH]c1-c1ccccc1,8
CCc1c(-c2ccccc2)nn(-c2ccccc2)c1O,8
O=c1[nH]c(=O)n(C2OC(CO)C(O)C2O)cc1I,8
O=c1[nH]cc(F)c(=O)[nH]1,8
O=S(=O)([O-])c1cc(O)c2[nH]ncc2c1,8
O=c1[nH]cc(SSc2c[nH]c(=O)[nH]c2=O)c(=O)[nH]1,8
COc1ccccc(=O)c1O,8
Oc1c(I)cc(I)c2cccnc12,8
Cc1ccc(O)cc1[S+](C)C,8.01
O=C(c1ccccc1)c1ccc(O)cc1,8.01
C[NH2+]CCS,8.02
NNC(=O)C(F)(F)C(F)(F)C(F)(F)F,8.02
O=C(NO)c1ccc([N+](=O)[O-])cc1,8.02
C[NH+](C)Cc1cc(Cl)ccc1O,8.02
CNC(=O)c1ccccc1O,8.03
CC1=CC(=O)C=C(C)C1=NO,8.04
CNC(=O)CS,8.05
CC(=O)OCCCS(=O)(=O)c1ccc(S(N)(=O)=O)s1,8.05
NNC(=O)CS,8.05
C[n+]1ccn(CCC[n+]2ccc(C=NO)cc2)c1,8.05
Oc1cc(Br)cc(Br)c1,8.06
Clc1cccc(-c2cn[nH]n2)c1Cl,8.06
Clc1cccc(-c2cnn[nH]2)c1Cl,8.06
Clc1cccc(-c2c[nH]nn2)c1Cl,8.06
Oc1cnc2ccccc2c1,8.06
Oc1ccc(-c2ccccc2)cc1Cl,8.07
C[N+](C)(C)c1cccc(O)c1,8.07
O=C(NO)c1cccc([N+](=O)[O-])c1,8.07
CC(C)[NH+](CCS)C(C)C,8.08
Cc1cnc(C)c(O)c1C=O,8.08
c1ccc(-c2nc3ncncc3[nH]2)cc1,8.09
Oc1cc(I)cc(I)c1,8.1
O=c1[nH]c2cc(-c3ccc(F)cc3)ccc2cc1O,8.1
CCC1(C)NC(=O)c2cc(S(=O)(=O)Nc3ccc(Cl)cc3)ccc2NC1=O,8.1
CCCCc1cc(Cl)cc(Cl)c1O,8.1
CCCc1cc(Cl)cc(Cl)c1O,8.1
CN(C)C(=O)CS,8.1
COCC(=O)OCCCS(=O)(=O)c1ccc(S(N)(=O)=O)s1,8.1
C[N+](C)(C)Cc1cccc(O)c1O,8.1
O=C1C=CC(=Nc2ccc(O)cc2)C=C1,8.1
CCC(=O)OO,8.1
O=S(=O)([O-])c1cc(O)c2cn[nH]c2c1,8.1
CC[NH+](CC)Cc1cc(Cl)ccc1O,8.11
CC1(C)C=CC(C)(c2cc3ccc(=O)oc3cc2O)CC1,8.12
COC1CCN(S(=O)(=O)c2ccc(S(N)(=O)=O)c(C(F)(F)F)c2)CC1,8.12
C[NH+](C)Cc1cc(F)ccc1O,8.12
Cc1cc(O)cc(C)c1S(C)(=O)=O,8.13
CCNC(=O)CS,8.14
C=CC[NH+](CC=C)CCCNC(=O)C=NO,8.14
O=C1CC2C(=O)NC(=O)C2N1,8.15
S=C1NC(=S)C(c2ccccc2)N1,8.15
Clc1ccc(Cl)c(-c2cn[nH]n2)c1,8.17
Clc1ccc(Cl)c(-c2cnn[nH]2)c1,8.17
Clc1ccc(Cl)c(-c2c[nH]nn2)c1,8.17
Oc1cc(Cl)cc(Cl)c1,8.18
O=C(CCc1ccccc1)NO,8.18
CC(=O)OO,8.19
Oc1ccc2ncncc2c1,8.19
COc1ccc(C(=O)c2csc(S(N)(=O)=O)c2)cc1,8.2
O=c1[nH]c2ccc(-c3ccc(F)cc3)cc2cc1O,8.2
CCCCc1c(O)n[nH]c1-c1ccccc1,8.2
Cc1cc(O)c(C(C)N=O)cc1C,8.2
Cc1cc(O)cc([N+](C)(C)C)c1,8.2
Cc1ccc([N+](C)(C)C)cc1O,8.2
O=S(=O)(Nc1ccccn1)c1ccccc1,8.2
O=c1[nH]c(=O)n(C2CC(O)C(CO)O2)cc1I,8.2
c1ccc(CSc2cn[nH]n2)cc1,8.2
c1ccc(CSc2c[nH]nn2)cc1,8.2
c1ccc(CSc2cnn[nH]2)cc1,8.2
CCCC(=O)OO,8.2
Cc1cc(O)cc(C)c1C#N,8.21
CCCCSC(=N)c1ccccc1,8.21
NC(=O)CS,8.22
Nc1n[nH]c(N)c1N=Nc1ccccc1O,8.22
[O-][n+]1cnc2[nH]cnc2c1NCc1ccccc1,8.22
O=S(=O)(Nc1ccc(Cl)cc1)c1ccc(Br)cc1,8.24
C[N+](C)(C)c1ccc(O)cc1,8.25
O=S(=O)(Nc1ccccc1)c1cccc(Br)c1,8.25
NS(=O)(=O)c1nccs1,8.25
O=c1[nH]c2ccccc2c(=O)o1,8.25
Oc1cccc2ccnnc12,8.25
Cc1cc(=O)oc2cccc(O)c12,8.26
NNC(=O)C(F)(F)C1(F)OC(F)(F)C(F)(F)C1(F)F,8.26
O=c1cc(-c2ccc(O)cc2)ss1,8.27
O=c1cc(-c2ccc(O)cc2)oc2ccccc12,8.27
C[n+]1ccc(C=NO)cc1,8.27
NS(=O)(=O)c1cc2c(s1)S(=O)(=O)CCC2O,8.275
CS(=O)c1ccc(O)cc1,8.28
Cc1ccc(O)cc1[N+](C)(C)C,8.28
C[NH+](C)Cc1cccc(NC(=O)C=NO)c1,8.28
O=C1CN(c2ccccc2)C(=O)N1,8.3
O=S(=O)(Nc1ccc(Cl)cc1)c1ccc(Cl)cc1,8.3
Oc1ccc(Cl)cc1C[NH+]1CCCC1,8.3
O=C1NC(=O)C2(CCOc3ccc(F)cc32)N1,8.3
O=C(OCc1ccccc1)c1ccc(O)cc1,8.31
C[N+](C)(C)CCC[N+](C)(C)CCCNC(=O)C=NO,8.31
Clc1cccc(-c2cn[nH]n2)c1,8.32
Clc1cccc(-c2cnn[nH]2)c1,8.32
Clc1cccc(-c2c[nH]nn2)c1,8.32
Cn1cnc2c(=O)[nH]c(=O)[nH]c21,8.325
O=S(=O)(Nc1ccc(Cl)cc1)c1ccccc1,8.33
CN(C)c1cccc2c(S(=O)(=O)NCC[NH+](C)C)cccc12,8.33
Oc1cncc2cccnc12,8.33
CCOC(=O)c1ccc(O)cc1,8.34
Cc1cc(O)ccc1[N+](C)(C)C,8.34
CCC1=CC(=O)C=C(CC)C1=NO,8.34
CS(=O)(=O)Nn1c(=O)[nH]c2cc(C(F)(F)F)c(N3CCOCC3)cc2c1=O,8.35
Cc1csc(S(N)(=O)=O)n1,8.35
NS(=O)(=O)c1cc2c(s1)S(=O)(=O)CCC2,8.35
O=[N+]([O-])c1cccc(O)c1,8.36
CC(=O)N(O)c1ccccc1,8.36
CCC(=O)C=NO,8.37
Fc1cccc(-c2cn[nH]n2)c1,8.38
Fc1cccc(-c2cnn[nH]2)c1,8.38
Fc1cccc(-c2c[nH]nn2)c1,8.38
O=S(=O)(Nc1ccc(F)cc1)c1ccc(Br)cc1,8.38
CCn1nnnc1NC(C)=O,8.38
CCCCCc1c(O)n[nH]c1-c1ccccc1,8.4
C[n+]1ccccc1/C=C/c1ccc(O)cc1,8.4
Cc1oc2ccccc2c1C(=O)c1ccc(O)cc1,8.4
Cc1oc2ccccc2c1C(=O)c1cccc(O)c1,8.4
C[n+]1ccccc1C=Cc1ccc(O)cc1,8.4
[NH3+]CCS,8.4
O=C1C=CC(=O)C(=NO)N1,8.4
Oc1cccc2ccncc12,8.4
Cn1c(CCl)nc2c(O)ccc(O)c21,8.4
O=S(=O)(Nc1ccc(F)cc1)c1ccc(Cl)cc1,8.41
COC(=O)c1ccc(O)cc1,8.42
c1coc(CSc2ncnc3nc[nH]c23)c1,8.42
C[NH+](C)Cc1ccc(NC(=O)C=NO)cc1,8.43
Oc1ccc2cnc3ccccc3c2c1,8.43
Oc1ccc(/N=N/c2ccccc2)cc1,8.44
Cc1ccnc2c(O)cccc12,8.44
Oc1cc(O)cc(O)c1,8.45
Oc1ccccc1Br,8.45
COc1c(O)ccc2c1C[N+]1(C)CCc3cc4c(cc3C1C2)OCO4,8.45
Oc1cccc2cnccc12,8.45
Clc1ccc(-c2cn[nH]n2)cc1,8.46
Clc1ccc(-c2cnn[nH]2)cc1,8.46
Clc1ccc(-c2c[nH]nn2)cc1,8.46
CCCCOC(=O)c1ccc(O)cc1,8.47
Nc1ccc(S(=O)(=O)Nc2ccc(N)cn2)cc1,8.47
C[NH+](C)CCc1c[nH]c2cccc(O)c12,8.47
Cc1cccc(NS(=O)(=O)c2ccccc2)c1,8.48
C=CC[NH+](C)CCCNC(=O)C=NO,8.48
O=[N+]([O-])c1ccc2c(O)cccc2c1,8.49
COc1cc(S(C)=O)ccc1-c1nc2cnncc2[nH]1,8.49
c1ccc2n[nH]nc2c1,8.495
Cc1ccc(C(=O)N(C)O)cc1,8.5
Clc1ccccc1-c1cn[nH]n1,8.5
Clc1ccccc1-c1cnn[nH]1,8.5
Clc1ccccc1-c1c[nH]nn1,8.5
O=S(=O)(Nc1ccccc1)c1ccc(Br)cc1,8.5
OC(=Cc1ccccc1)c1ccco1,8.5
Oc1cc2cccnc2c2cccnc12,8.5
Cc1csc(-c2ccc(NS(=O)(=O)c3ccc(N)cc3)cc2)n1,8.5
Oc1ccccc1I,8.51
Nc1ccc(S(=O)(=O)Nc2ccccn2)cc1,8.51
Cc1cccc(C(=O)N(C)O)c1,8.52
Oc1cccc2ncccc12,8.54
CCOC(=O)COc1ccc(Oc2ccc(O)c(C[NH3+])c2)c(Cl)c1Cl,8.55
OB(O)c1cccc(O)c1,8.55
Oc1ccccc1Cl,8.56
O=[N+]([O-])c1cc2cc(O)ccc2cc1Cl,8.56
N#CSc1ccc(O)cc1,8.57
CC(C)(C)c1ccc(O)c(Cl)c1,8.58
Sc1cc2ccccc2cn1,8.58
Cc1ccc([N+](=O)[O-])cc1O,8.59
CS(=O)(=O)Nn1c(=O)[nH]c2cc(C(F)(F)F)c(N)cc2c1=O,8.6
CC1(C)CCc2c(ccc(O)c2Cl)O1,8.6
CCCCCCc1c(O)n[nH]c1-c1ccccc1,8.6
Cc1ccc(NS(=O)(=O)Cc2ccc(Br)cc2)c(=O)n1CC(=O)NCc1ccc2c(N)noc2c1,8.6
NS(=O)(=O)c1cc2c(s1)S(=O)(=O)CC(O)C2,8.6
O=C(NO)c1ccccn1,8.6
Oc1ccc(Br)cc1-c1cc(Br)ccc1O,8.6
O=C1N=C(Cc2ccccc2)C(=O)N1,8.6
Cc1ccc(NS(=O)(=O)Cc2ccccc2)c(=O)n1CC(=O)NCc1ccc2c(N)noc2c1,8.6
CN1CC(O)C2=CC(=NO)C(=O)C=C21,8.6
O=C1NC(=O)C(=Cc2ccccc2)N1,8.6
N#Cc1cccc(O)c1,8.61
O=S(=O)(Nc1ccc(Cl)cc1)c1ccc(F)cc1,8.61
C[NH2+]CCCNC(=O)C=NO,8.61
Cc1ccc(O)cc1[N+](=O)[O-],8.62
COc1ccc(O)c(Br)c1,8.62
c1ccc(-c2cn[nH]n2)cc1,8.62
c1ccc(-c2cnn[nH]2)cc1,8.62
c1ccc(-c2c[nH]nn2)cc1,8.62
CCC[NH+](CCC)CCS,8.62
Oc1ccc(Cl)c(Cl)c1,8.63
Cc1cccc(O)c1C(=O)Oc1ccccc1,8.63
Oc1ccc2ccccc2c1OC1OCC(O)C(O)C1O,8.63
NS(=O)(=O)c1ccc([N+](=O)[O-])cc1,8.63
Oc1cccc2c1-c1ccccc1-2,8.64
Cn1c(=O)[nH]c2ncn(C)c2c1=O,8.65
Oc1cccc2cncnc12,8.65
O=S(=O)(Nc1ccccc1)c1ccccc1,8.66
Oc1cc(OC2OCC(O)C(O)C2O)cc2ccccc12,8.66
O=S(=O)(Cc1ccccc1)c1ncc[nH]1,8.67
Oc1ccc(C(F)(F)F)cc1,8.68
Oc1ccc2c(cnc3ccccc32)c1,8.68
C[NH+](C)CCCNC(=O)C=NO,8.68
COc1ccc(O)cc1[N+](=O)[O-],8.68
CN(CCC[NH+](C)C)C(=O)C=NO,8.68
Oc1cncc2ccccc12,8.68
Cc1cccc(Cl)c1O,8.69
Oc1ccc2cccc(Cl)c2c1,8.69
CC(=O)CC(=O)c1ccccc1,8.69
O=c1[nH]c2ccccc2cc1O,8.7
CC1(C)CCC(=O)N1O,8.7
CCC1(C)NC(=O)c2cc(S(=O)(=O)Nc3ccccc3)ccc2NC1=O,8.7
Nc1ccc(P(=O)(Nc2nccs2)OCC(F)(F)F)cc1,8.7
O=C(CC(=O)c1ccc([N+](=O)[O-])cc1)Nc1ccccc1,8.7
CCc1ccc(OC)c(C(=O)NCC2CCC[NH+]2CC)c1O,8.7
CC(C)C1NC(=S)NC1=O,8.7
CC[NH+]1CCCC1CNC(=O)c1c(O)cccc1OC,8.7
C[N+](C)(C)Cc1ccccc1O,8.71
CC1(C)NC(=S)NC1=O,8.71
Oc1c(OC2OCC(O)C(O)C2O)ccc2ccccc12,8.72
CC(C)CCC[NH+](C)CCCNC(=O)C=NO,8.72
Oc1oc(-c2ccccc2)nc1Cc1ccccc1,8.72
CC[NH+](C)CCCNC(=O)C=NO,8.72
CC(=O)N(C)O,8.73
O=S(=O)(Nc1ccc(F)cc1)c1ccc(F)cc1,8.73
CCOC(=O)COc1ccc(Cc2ccc(O)c(C[NH3+])c2)c(Cl)c1Cl,8.73
Cc1ccc(O)c(Cl)c1,8.74
COc1cc(/C=C/C(O)=C/C(C)=O)ccc1OC1OC(CO)C(O)C(O)C1O,8.74
CSc1ncnc2nc[nH]c12,8.74
CS(=O)c1cccc(O)c1,8.75
C[N+](C)(C)Cc1ccc(O)cc1,8.75
C[NH+](C)CCc1ccccc1O,8.75
Cc1ncnc2c(O)cccc12,8.75
CC[n+]1ccc(O)c([O-])c1C(C)O,8.755
COC1CCN(S(=O)(=O)c2ccc(S(N)(=O)=O)c(Cl)c2)CC1,8.76
Oc1cc2ccccc2cc1OC1OCC(O)C(O)C1O,8.76
O=CNO,8.77
Cc1ccc(NS(=O)(=O)c2ccc(Cl)cc2)cc1,8.78
ON=C1CCCc2nonc21,8.78
O=C1NC(=S)NC12CCCCC2,8.79
Oc1ccc2c(c1)ncc1ccccc12,8.79
Cc1cn(C2CC(O)C(CO)O2)c(=O)[nH]c1=S,8.8
CC1=CC(=O)C(C(C)C)=CC1=Nc1ccc(O)cc1,8.8
O=Cc1ncnc2nc[nH]c12,8.8
O=C1NC(=O)c2c1cccc2[N+](=O)[O-],8.8
O=[N+]([O-])c1ccc2ccc(O)cc2c1,8.81
Oc1ccc(F)cc1C[NH+]1CCCCC1,8.81
Oc1ccc2nc3ccccc3cc2c1,8.81
Nc1cccc(B(O)O)c1,8.81
C[NH+](C)CCCCNC(=O)C=NO,8.81
CCCc1ncnc2c(O)cccc12,8.82
Oc1ccc2ncccc2c1,8.82
CC(=O)N(O)CCc1ccccc1,8.83
N#Cc1cccc(S(N)(=O)=O)c1,8.84
CC(=O)NC1CC(=O)NC1=O,8.85
CC1CC(=O)N(O)C1(C)C,8.85
O=S(=O)(Nc1ccc(F)cc1)c1ccccc1,8.85
O=c1cc(-c2ccccc2O)oc2ccccc12,8.85
CC(=O)CC(C)=O,8.85
Oc1ccc2cccnc2c1,8.85
CC(=O)C(=NO)c1ccccc1,8.85
Oc1ccc(Cl)c2ccccc12,8.86
COC(=O)C(=NO)c1ccccc1,8.87
COc1ccc(NS(=O)(=O)c2ccccc2)cc1,8.88
Cn1ccnc1CS,8.88
C[NH+](C)Cc1cccc(O)c1,8.88
C[NH+](C)CCCCCNC(=O)C=NO,8.88
Oc1ccc2ccncc2c1,8.88
COc1ccc(C=O)cc1O,8.89
Nc1ccc(S(=O)(=O)Nc2ccccc2)cc1,8.89
C[n+]1ccc(-c2nc3ccccc3[nH]2)cc1,8.89
CONC(=O)c1ccccc1,8.89
COC(=O)c1cc(S(N)(=O)=O)ccc1S(=O)(=O)CCCO,8.9
COc1ccc(CC2=NC(=O)NC2=O)cc1,8.9
COc1ccccc1C(=O)NO,8.9
Cc1ccc(C(=O)NO)cc1,8.9
Cc1ccc2nn[nH]c2c1,8.9
Cc1ccc2[nH]nnc2c1,8.9
Cc1ccc2n[nH]nc2c1,8.9
O=S(=O)(Nc1ccccc1)c1ccc(F)cc1,8.9
S=c1[nH]c2cncnc2[nH]1,8.9
CC(=O)Nc1nnc(-c2ccccc2)s1,8.9
CC1=CC(=Nc2ccc(O)cc2)C=C(C)C1=O,8.9
CC(C)=CC(=O)C=NO,8.9
COc1cc(C=Nc2ncc3nc[nH]c3n2)ccc1O,8.91
O=C(CC(=O)c1ccccc1)Nc1ccc([N+](=O)[O-])cc1,8.91
CSc1ncc2[nH]cnc2n1,8.91
c1ncc2[nH]cnc2n1,8.92
O=[N+]([O-])c1cc2nc[nH]c2cc1[N+](=O)[O-],8.92
C[NH+](C)CCCCCCNC(=O)C=NO,8.93
NS(=O)(=O)c1ccc(Cl)c(Cl)c1,8.94
Cc1nc(-c2ccccc2)oc1O,8.94
COc1cc(S(C)=O)ccc1-c1nc2nccnc2[nH]1,8.94
Oc1cccc(C(F)(F)F)c1,8.95
CCOC(=O)C(=NO)c1ccccc1,8.95
O=C(Nc1cc(Cl)ccc1O)Oc1cccc(C(F)(F)F)c1,8.97
C[NH+](C)CCCCCCCCNC(=O)C=NO,8.97
O=Cc1cccc(O)c1,8.98
NS(=O)(=O)c1ccc(S(=O)(=O)CCCO)cc1,8.98
CC(=O)c1cc(C(C)=O)[nH]n1,8.98
NS(=O)(=O)c1cccc(C(F)(F)F)c1,8.98
Oc1ccc2cccc(I)c2c1,8.98
C[NH+](C)CCCCCCCNC(=O)C=NO,8.98
Cc1cc(C)c([N+](=O)[O-])c(C)c1O,8.98
COC(=O)CC(=O)c1cccnc1,8.98
COc1ccccc1-c1cn[nH]n1,8.99
COc1ccccc1-c1cnn[nH]1,8.99
COc1ccccc1-c1c[nH]nn1,8.99
C[NH+](C)CCCCCCCCCNC(=O)C=NO,8.99
CCn1cccc(O)c1=O,8.99
NS(=O)(=O)c1ccc(S(=O)(=O)CCO)c(F)c1,9
O=C(c1ccccc1)c1cccc(O)c1,9
Oc1cccc(O)c1O,9.01
CC(=O)c1cc(C(=O)c2ccccc2)[nH]n1,9.01
CC(=O)c1cc(C(=O)c2ccccc2)n[nH]1,9.01
O=[N+]([O-])c1ccc(-c2ccc(O)cc2)cc1,9.01
O=[N+]([O-])c1ccc2c(c1)Cc1cc(O)ccc1-2,9.01
NS(=O)(=O)c1ccc(S(=O)(=O)CCCO)c(F)c1,9.02
Cc1ccc(S(=O)(=O)Nc2ccc(Cl)cc2)cc1,9.02
O=C(Nc1cc(Cl)ccc1O)Oc1cccc(Cl)c1,9.02
C[NH+](C)CCCCCCCCCCNC(=O)C=NO,9.02
Oc1cccc(Br)c1,9.03
Oc1cccc(I)c1,9.03
O=C1NC(=O)C(Cc2ccccc2)N1,9.03
COc1ccc(S(=O)(=O)Nc2ccccc2)cc1,9.04
CCOC(=O)c1cccc(O)c1,9.05
Nc1ccc(NS(=O)(=O)c2ccccc2)cc1,9.05
CCCCCCCCCCCCCC(=O)N(O)c1ccccc1,9.05
O=[N+]([O-])C=Cc1cccc(O)c1,9.05
Oc1ccccc1SCc1ccccc1,9.06
CN1CCC23c4c5ccc(O)c4OC2C(O)C=CC3C1C5O,9.06
CC(=O)NO,9.07
O=[N+]([O-])C(CO)CO,9.07
CC(=O)CC(=O)CC(C)C,9.07
COc1ccc(O)cc1Br,9.09
Oc1ccc2ccc(Cl)cc2c1,9.09
CC1(C)CCc2cc(O)c(Cl)cc2O1,9.1
Cc1cc(O)n(-c2ccccc2)n1,9.1
Cc1cc(=O)n(-c2ccccc2)[nH]1,9.1
O=c1cnc2ccccc2[nH]1,9.1
Cc1cc(C)c(N=Nc2c(C)cc(O)cc2C)c(C)c1,9.1
NC(=O)NN=Cc1ncnc2nc[nH]c12,9.1
Cc1n[nH]nc1-c1ccccc1,9.11
Cc1[nH]nnc1-c1ccccc1,9.11
Cc1nn[nH]c1-c1ccccc1,9.11
Oc1cccc(Cl)c1,9.12
O=C1CNC(=O)N1,9.12
CCCCN(C(=O)c1ccc(O)cc1)c1ccc(N=Nc2ccc3c(c2)OCCOCCOCCOCCOCCO3)cc1,9.12
NC(=O)c1ccc(N)cc1O,9.12
CCC(=O)c1cc(C(=O)c2ccccc2)[nH]n1,9.14
Cc1cc(=O)oc2ccc(O)cc12,9.14
CCC(=O)c1cc(C(=O)c2ccccc2)n[nH]1,9.14
Nc1cc(S(N)(=O)=O)ccc1S(=O)(=O)CCCO,9.15
CCOC(=O)c1c(C)nc(C)c(C(=O)OCC)c1-c1ccc(NS(=O)(=O)c2ccc(N)cc2)cc1,9.15
Oc1ccc2cnccc2c1,9.15
Oc1cccc2c(OC3OCC(O)C(O)C3O)cccc12,9.16
CC(=NO)C(=O)CO,9.16
COc1ncnc2nc[nH]c12,9.16
Oc1ccc(Br)cc1,9.17
Oc1cccc2cc(OC3OCC(O)C(O)C3O)ccc12,9.17
CC(=O)c1ccccc1O,9.19
CCCCCCCC(=O)NO,9.19
COc1ccc(S(=O)(=O)Nc2ccc(Cl)cc2)cc1,9.19
Oc1ccccc1C=Nc1ncc2nc[nH]c2n1,9.19
CC1(C)NC(=O)NC1=O,9.19
NS(=O)(=O)c1cccc([N+](=O)[O-])c1,9.19
Cc1cc(O)ccc1Cl,9.2
COC(=O)c1cc(S(N)(=O)=O)ccc1S(=O)(=O)CCO,9.2
Cc1ccc(S(=O)(=O)Nc2ccc(F)cc2)cc1,9.2
Oc1ccc2cc(Br)ccc2c1,9.2
COP(=O)(Nc1nccs1)c1ccc(N)cc1,9.2
Cc1csc(-c2cccc(NS(=O)(=O)c3ccc(N)cc3)c2)n1,9.2
CCCCCC(=O)CC(C)=O,9.2
Oc1cccc(F)c1,9.21
Oc1ccc(I)cc1,9.21
O=NCc1ccccc1O,9.21
Cc1ncnc2nc[nH]c12,9.21
Oc1ccc2ncsc2c1,9.21
Oc1cc(OC2OCC(O)C(O)C2O)c2ccccc2c1,9.22
Cc1ccc(NS(=O)(=O)c2ccc(F)cc2)cc1,9.23
CC(=Nc1ccccc1O)c1ccccc1O,9.23
Nc1ccccc1B(O)O,9.23
CC(=O)/C=C(O)/C=C/c1ccc(OC2OC(CO)C(O)C(O)C2O)cc1,9.24
C[NH+](C)CCc1cccc(O)c1,9.24
CC(=O)c1cccc(O)c1,9.25
NS(=O)(=O)c1ccc(SCCCCCO)cc1,9.25
CN1C(=S)NC(=O)C12CCCCC2,9.25
CCCCOC(=S)NC(C)=O,9.25
CN1c2ccccc2Nc2c(O)cccc21,9.26
O=C(Cc1ccccc1)NO,9.26
c1cn[nH]n1,9.26
c1c[nH]nn1,9.26
Cn1ncc2c(=O)[nH]cnc21,9.26
Cn1c(=O)c2cn[nH]c2n(C)c1=O,9.26
CN(C)c1ccc(NC(=O)C=NO)cc1,9.26
NS(=O)(=O)c1ccc(SCCO)cc1,9.27
COc1cccc(O)c1O,9.28
Cc1cccc(O)c1O,9.28
Oc1ccc2ccc3ccccc3c2c1,9.28
CCCC(=O)c1cc(C(C)=O)n[nH]1,9.28
Oc1cccc2ccc(OC3OCC(O)C(O)C3O)cc12,9.29
COC(=O)c1cc(S(N)(=O)=O)ccc1SCCCO,9.3
CCCc1ccc(O)c(-c2cc(CCC)ccc2O)c1,9.3
O=C(c1ccccc1)c1ccccc1O,9.3
O=c1ccn(C2CC(O)C(CO)O2)c(=O)[nH]1,9.3
CN(C)c1cccc(C(=NO)C(F)(F)F)c1,9.3
CC(=O)C(C)=NO,9.3
O=C(NO)C1C2CCC(O2)C1C(=O)NO,9.3
Oc1ccc(O)c2ncccc12,9.3
Oc1ccc2cc(Cl)ccc2c1,9.31
Oc1cccc(O)c1,9.32
COc1ccc(S(=O)(=O)Nc2ccc(F)cc2)cc1,9.32
CS(=O)(=O)c1cccc(O)c1,9.33
CCN1CNS(=O)(=O)c2cc(Cl)ccc21,9.33
COC(=O)CCS,9.33
COc1cc(O)cc(OC)c1,9.34
NS(=O)(=O)c1ccc(F)cc1,9.34
Oc1ccc2c(OC3OCC(O)C(O)C3O)cccc2c1,9.34
Oc1cccc2ccccc12,9.34
CCCOC(=S)NC(C)=O,9.34
CC(C)(O)CCS(=O)(=O)c1ccc(S(N)(=O)=O)cc1,9.35
NS(=O)(=O)c1ccc(S(=O)(=O)CC(O)CO)cc1,9.35
O=S1(=O)NCN(CCF)c2ccc(Cl)cc21,9.35
Oc1ccc2cccc(OC3OCC(O)C(O)C3O)c2c1,9.35
Nc1cc2ccccc2cc1O,9.35
Oc1ccc2cn[nH]c2c1,9.35
CCC(=O)CC(C)=O,9.36
CCOc1cc(O)cc(OCC)c1,9.37
Cc1nc2ncncc2[nH]1,9.37
CC(=O)Nc1ccc(O)cc1,9.38
NS(=O)(=O)c1ccc(S(=O)(=O)CCO)cc1,9.38
NS(=O)(=O)c1ccc(SCCCO)c([N+](=O)[O-])c1,9.38
CC(=O)Nc1cccc(O)c1,9.38
CC(=O)Nc1cccc(OC(=O)Nc2cc(Cl)ccc2O)c1,9.38
Oc1ccc2cccc(-c3ccccc3)c2c1,9.38
O=c1[nH]cnc2[nH]ncc12,9.38
CCC(=NO)C(C)=O,9.38
COc1cccc(S(N)(=O)=O)c1,9.39
NS(=O)(=O)c1ccc(C(F)(F)F)cc1,9.4
Oc1ccc(OC2OCC(O)C(O)C2O)c2ccccc12,9.4
COc1ccc2cc3[n+](cc2c1OC)CCc1cc(O)c(O)cc1-3,9.4
O=[N+]([O-])CCO,9.4
NC(=NO)c1ncnc2nc[nH]c12,9.4
CCN=C(N=[N+]=[N-])c1ccccc1O,9.4
NS(=O)(=O)c1nnc(Nc2ccccc2)s1,9.405
Oc1ccc(Cl)cc1,9.41
CN(C)/C=N/c1ccc(O)cc1,9.41
Oc1ccc2ccc(OC3OCC(O)C(O)C3O)cc2c1,9.41
NS(=O)(=O)c1ccc(SCCO)c([N+](=O)[O-])c1,9.42
Cc1cccc2ccc(O)cc12,9.42
COC1CCN(S(=O)(=O)c2ccc(S(N)(=O)=O)cc2)CC1,9.42
C[N+](C)(C)CCc1cccc(O)c1,9.43
Cc1ccc(C(=O)Oc2ccccc2)c(O)c1,9.44
Nc1ccc(S(=O)(=O)Nc2nccc(N)n2)cc1,9.44
Oc1ccccc1O,9.45
NS(=O)(=O)c1ccc(SCCCO)c(Cl)c1,9.45
CCC(=O)NO,9.46
C[NH+](C)CCc1ccc(O)cc1,9.46
CC(O)=CC(N)=O,9.46
CC(=O)CC(=O)C(C)C,9.46
CONC(=O)CCc1ccccc1,9.47
CSc1cccc(O)c1,9.47
Cc1nccc2c1[nH]c1cc(O)ccc12,9.47
OCCS,9.47
O=C1CNC(=O)C(Cc2ccc(O)cc2)N1,9.47
CCCC(=O)NO,9.48
COC(=O)C=C(C)O,9.48
CC(=O)Nc1ccc(OC(=O)Nc2cc(Cl)ccc2O)cc1,9.49
Cc1ccc(S(=O)(=O)NCCC(N)=[NH2+])cc1,9.49
NC(=O)CCCCCCCCC(=O)NO,9.49
CSc1ccc(O)cc1,9.5
Nc1cc(S(N)(=O)=O)ccc1S(=O)(=O)CCO,9.5
Nc1c[nH]nc1[N+](=O)[O-],9.5
CC(=O)NCCS,9.5
Nc1ncccc1O,9.5
SCCNc1ccccc1,9.5
c1ccc(CSc2ncn[nH]2)cc1,9.5
Nc1ccc(-c2ccc(N=Cc3ccc(O)cc3)cc2)cc1,9.5
Cc1cccc(S(N)(=O)=O)c1,9.51
S=C(Nc1ccc(Cl)c(Cl)c1)c1ccc(Cl)cc1,9.51
Oc1ccc2ccccc2c1,9.51
Oc1ccc2c(c1)Cc1ccccc1-2,9.51
Cc1ccc2ccc(O)cc2c1,9.52
[O-][n+]1ccc(NO)c2ccccc21,9.52
Cn1cnc2[nH]c(=O)[nH]c(=O)c21,9.525
Oc1ccc(CS)cc1,9.53
O=C1NC(=O)C2CCCC12,9.53
CCc1cccc2ccc(O)cc12,9.54
O=C(CC(=O)c1ccccc1)Nc1cccc([N+](=O)[O-])c1,9.54
O=C(CC(=O)c1ccccc1)Nc1ccccc1[N+](=O)[O-],9.54
O=C(CC(=O)c1ccccc1)Nc1ccccc1,9.54
SCc1c[nH]cn1,9.54
c1ncc2cn[nH]c2n1,9.54
CC(=O)C(Cc1ccc([N+](=O)[O-])cc1)C(C)=O,9.54
CCCCN(C(=O)c1cccc(O)c1)c1ccc(N=Nc2ccc3c(c2)OCCOCCOCCOCCOCCO3)cc1,9.54
Oc1ccc(-c2ccccc2)cc1,9.55
C1COCCOCc2n[nH]c(n2)COCCOCCO1,9.55
CNc1nc2ncncc2[nH]1,9.56
CC(=O)NOCCc1ccccc1,9.58
CCCCCC(=O)NO,9.58
Oc1cccc2c1-c1c(O)cccc1-2,9.58
CC(C)(C)C(=O)NO,9.59
O=C1CCC(=O)N1,9.59
CC(C)[NH2+]CCc1ccc(O)cc1,9.59
NS(=O)(=O)c1ccc(S(=O)(=O)CCCCO)c(F)c1,9.6
NS(=O)(=O)c1ccc(S(=O)(=O)CCCCO)cc1,9.6
CCc1cc(O)cc(C)c1Cl,9.6
COc1cc2c(cc1O)CC[n+]1cc3c(OC)c(OC)ccc3cc1-2,9.6
[O-]c1c[nH+]ccc1O,9.6
CN1C(=O)NC(=Cc2ccccc2)C1=O,9.6
CCCCCCC(=O)NO,9.62
Cc1ccc(O)c(O)c1,9.62
Cc1ccc(S(N)(=O)=O)cc1C,9.62
Oc1ccc2cc(OC3OCC(O)C(O)C3O)ccc2c1,9.63
O=C1NC(=O)C2CCC12,9.63
Oc1cccc(-c2ccccc2)c1,9.64
NS(=O)(=O)c1ccc(SCCCO)c(F)c1,9.64
C[N+](C)(C)CCCc1cccc(O)c1,9.64
Nc1ccc(B(O)O)c([N+](=O)[O-])c1,9.64
COc1cccc(O)c1,9.65
CCOc1cccc(O)c1,9.65
Cc1ccc(NS(=O)(=O)c2ccc(C)cc2)cc1,9.65
CSc1ncnc2[nH]ncc12,9.65
OCc1cccc(CO)c1O,9.66
CC(=O)Oc1cccc2cccc(O)c12,9.69
Cc1cc(O)cc(C)c1Cl,9.7
CC(=O)c1cc(C(=O)C(C)(C)C)n[nH]1,9.7
NS(=O)(=O)c1ccccc1,9.7
CCC(=O)c1cc(C(=O)C(C)(C)C)n[nH]1,9.7
Nc1ccc(P(=O)(Nc2nccs2)Oc2ccccc2)cc1,9.7
CCOC(=O)c1c(C)nc(C)c(C(=O)OCC)c1-c1cccc(NS(=O)(=O)c2ccc(N)cc2)c1,9.7
Cc1nc2nc([O-])[nH]c(=O)c2[nH]1,9.7
Cc1cc(Cl)ccc1O,9.71
O=C1NC(=O)C2CCCCC12,9.72
Nc1ccc(S(=O)(=O)Nc2ncc[nH]2)cc1,9.72
NS(=O)(=O)c1ccc(Cl)cc1,9.725
Nc1n[nH]cc1[N+](=O)[O-],9.73
CN(C)c1nc2ncncc2[nH]1,9.73
C[NH+](C)CCc1c[nH]c2ccc(O)cc12,9.73
Nc1ccccc1O,9.75
Cc1cnc2c(O)cccc2c1,9.75
Cc1nc([N+](=O)[O-])c[nH]1,9.75
Cc1nc2c(O)ccc(O)c2n1C,9.75
O=c1cc(-c2cccc(O)c2)oc2ccccc12,9.75
NS(=O)(=O)c1ccc(SCCO)c(F)c1,9.76
COc1cccc(=O)[nH]1,9.77
OCc1ccc(O)c(CO)c1,9.77
Oc1cccc2cccnc12,9.77
C[N+](C)(C)CCCc1ccccc1O,9.78
COc1cc(CO)ccc1O,9.79
Cc1ccc2c(c1)C(=O)C(=O)N2,9.8
CC(C)(C)OC(=O)Nc1ccc(OC(=O)Nc2cc(Cl)ccc2O)cc1,9.8
CC1(C)CCc2cc(O)cc(Cl)c2O1,9.8
COc1ccc(S(=O)(=O)Nc2ccc(C)cc2)cc1,9.8
C[N+](C)(C)CCCc1ccc(O)cc1,9.8
C[N+](C)(C)CCc1ccc(O)cc1,9.8
Cc1cn(C2CC(O)C(CO)O2)c(=O)[nH]c1=O,9.8
C=CC(CC(C)(C)C)c1ccc2cccnc2c1O,9.8
COc1cc2c(cc1O)C1Cc3cc(OC)c(OC)cc3C(C2)N1C,9.8
Nc1ccc(O)c(-c2nc3cc(Cl)ccc3o2)c1,9.81
OCc1ccc(O)cc1,9.82
NS(=O)(=O)c1ccc(SCCCCO)c(F)c1,9.82
CCC(=O)CC(=O)CC,9.82
OCc1cccc(O)c1,9.83
ONc1ncnc2nc[nH]c12,9.83
Cc1n[nH]c2c1c(=O)n(C)c(=O)n2C,9.83
ONc1ccc(O)cc1,9.83
OCc1ccccc1O,9.84
Sc1nc2cc3ccccc3cc2[nH]1,9.84
CNCC(O)c1cccc(O)c1,9.84
Oc1ccc(Cl)cc1CN1CCOCC1,9.85
COc1cc2c(cc1OC)C1Cc3ccc(OC)c(O)c3C(C2)N1C,9.85
Cn1cnc2cc(O)ccc21,9.85
CN(C)c1cccc(O)c1,9.85
Nc1cccc(O)c1,9.86
CC(C(N)=O)S(N)(=O)=O,9.86
CC(C)C(=O)CC(=O)C(C)C,9.86
O=C(NO)C1CCCCC1,9.87
CC=Cc1ccc(O)c(OC)c1,9.88
Cc1nc2ccccc2[nH]c1=O,9.88
Oc1cccc2cc3ccccc3cc12,9.88
CCc1cccc(O)c1,9.9
CC(O)c1cccc(O)c1CO,9.9
CN(C)c1cccc2c(S(N)(=O)=O)cccc12,9.9
Oc1ccc(F)cc1,9.91
C=Cc1ccc(O)cc1,9.91
O=C1NC(=O)c2ccccc21,9.91
ON=Cc1ccncc1,9.91
Oc1ccccc1-c1ccccc1,9.92
Cc1cc(CO)c(O)c(CO)c1,9.92
Cn1cnc2c1c(=O)[nH]c(=O)n2C,9.92
COc1ccc(-c2nc3ncncc3[nH]2)c(OC)c1,9.92
CC(C)(C(N)=O)S(N)(=O)=O,9.92
Oc1ccc2cc3ccccc3cc2c1,9.92
COc1ccc(S(N)(=O)=O)cc1,9.93
CCc1c([O-])c(O)cc[n+]1CC,9.93
Cc1ccc(O)c2ncccc12,9.93
Nc1ncc2[nH]cnc2n1,9.93
CN(O)C(=O)C(C)(C)C,9.94
CC(=O)CC(=O)C(C)(C)C,9.94
CN(O)C(N)=O,9.95
NC(=O)Nc1ncnc2nc[nH]c12,9.95
S=C(Nc1ccc(Cl)c(Cl)c1)c1ccccc1,9.96
Cc1cc(O)c(C(C)C)cc1Cl,9.98
COc1ccccc1O,9.98
Oc1ccccc1,9.99
CCc1ccc(O)cc1,10
CC(C)(O)CCSc1ccc(S(N)(=O)=O)cc1,10
CC(=O)CC(=O)Nc1cccc(C)c1,10
O=C(Nc1cc(Cl)ccc1O)Oc1ccccc1,10
Cc1c(O)cncc1C1CCCCC1,10
Nc1ccc([N+](=O)[O-])c(B(O)O)c1,10
NN=C(N)c1ncnc2nc[nH]c12,10
Cc1cccc(C=NO)n1,10
COc1ccc(O)c(N)c1,10
COc1nc(N)c2[nH]cnc2n1,10
Fc1cccc(NC(=S)c2cccc(Br)c2)c1,10.01
Oc1ccc2[nH]cnc2c1,10.01
CC(=O)Nc1ccc(S(N)(=O)=O)cc1,10.02
CC[NH+](CC)Cc1cccc(C)c1O,10.02
C=CC(CC(C)(C)CC(C)(C)C)c1ccc2cccnc2c1O,10.03
S=CNc1ccccc1Cl,10.03
CNc1ncnc2nc[nH]c12,10.04
Cc1c(O)cccc1O,10.05
Cc1cnc2c(O)cccc2c1C,10.05
Oc1ccc2[nH]ncc2c1,10.05
C=CCc1ccc2cccnc2c1O,10.07
O=[N+]([O-])c1ccc(S(=O)(=O)NCc2ccccc2)cc1,10.07
Cc1ccc2cccc(O)c2n1,10.08
Cc1cccc(O)c1,10.09
COc1cccc(OC)c1O,10.09
COc1ccc(O)cc1,10.1
CC(C)(C)N(O)C(=O)c1ccccc1,10.1
S=C(Nc1ccc(Cl)cc1)c1cccc(Br)c1,10.1
c1ccc(CCNc2ncnc3nc[nH]c23)cc1,10.1
COc1ccc2c(c1O)-c1c3c(cc4c1C(C2)N(C)CC4)OCO3,10.1
CCOc1ccccc1O,10.11
NCc1ccccc1S(N)(=O)=O,10.11
O=[N+]([O-])c1ccc(NC=S)cc1,10.11
CC(C)(C)c1cccc(O)c1,10.12
Cc1cc(N)c2ccccc2c1O,10.12
Oc1cccc2cccc(OC3OCC(O)C(O)C3O)c12,10.13
COc1ccc(C(=S)Nc2ccc(Cl)c(Cl)c2)cc1,10.14
NCc1cccc(S(N)(=O)=O)c1,10.14
Cc1ccc(S(=O)(=O)NCCC(=N)N)cc1,10.145
Cc1ccc(O)c(CO)c1,10.15
Nc1ncnc2cn[nH]c12,10.15
NCc1ccc(S(N)(=O)=O)cc1,10.15
CC(C)c1cccc(O)c1,10.16
COc1ccc(O)c(C)c1,10.16
CN(C)c1ccc(O)cc1,10.16
O=[N+]([O-])c1cccc(C=CC=NO)c1,10.16
Cc1ccc(S(N)(=O)=O)cc1,10.17
NS(=O)(=O)c1ccc(SCCCCO)cc1,10.17
C=CCc1ccc(O)c(OC)c1,10.19
CCc1ccccc1O,10.2
CC(C)Cc1ccc(O)cc1,10.2
COc1ccc(NC(=O)NO)cc1,10.2
Cc1cc2cccc(O)c2nc1C,10.2
c1nc(NC2CCCCC2)c2[nH]cnc2n1,10.2
Nc1nc(N)nc([S-])n1,10.2
CSc1nc(N)c2[nH]cnc2n1,10.2
CC(C)(C)c1ccc2c(c1)C(=O)NC2=O,10.21
COc1ccc(OC(=O)Nc2cc(Cl)ccc2O)cc1,10.21
Cc1ccccc1NC(=S)c1ccccc1,10.21
CC(=O)OCCCc1ccc(S(N)(=O)=O)cc1,10.22
CN(C)c1ncc2[nH]cnc2n1,10.22
CCc1n[nH]c(CC)n1,10.22
NS(=O)(=O)c1ccc(SCCCO)cc1,10.23
NS(=O)(=O)c1ccc(CCCO)cc1,10.23
CCCCCOc1ccc(O)cc1,10.23
CCCOc1ccc(O)cc1,10.23
CN(C)C=Nc1cccc(O)c1,10.23
CC(C)c1ccc(O)cc1,10.24
COc1ccc(O)cc1C,10.24
S=C(Nc1ccc(Br)cc1)c1ccc(Cl)cc1,10.24
S=c1[nH]c2ccccc2[nH]1,10.24
CCCCCCCCCc1ccc(O)cc1,10.25
Cc1cc(O)cc(C)c1C,10.25
S=C(Nc1ccc(Cl)cc1)c1ccc(Cl)cc1,10.25
CS(=O)(=O)c1ccc(S(=O)(=O)NCc2ccccc2)cc1,10.25
C=CC1CNC(=S)O1,10.25
Cc1ccc(O)cc1,10.26
ON=Cc1cccnc1,10.26
Oc1ccccc1CN1CCOCC1,10.27
CC(C)(C)c1ccccc1O,10.28
COc1cc(C)ccc1O,10.28
Cc1ccccc1O,10.28
C=CCc1ccccc1O,10.28
NS(=O)(=O)c1ccc(CCCCCO)cc1,10.28
CC(C)(C)c1cc(O)cc(C(C)(C)C)c1,10.29
Fc1cccc(NC(=S)c2ccccc2)c1,10.29
Oc1ccc2c(c1)CCC2,10.29
CC(=O)OCCCCCc1ccc(S(N)(=O)=O)cc1,10.3
O=C(NO)Nc1ccccc1,10.3
CC1(C)CCc2cc(O)ccc2O1,10.3
Nc1cccc2c(O)cccc12,10.3
Cc1cc(O)ccc1N=Nc1ccc2c(c1)Cc1ccccc1-2,10.3
O=[N+]([O-])c1cccc(NC=S)c1,10.3
Cc1cc(O)ccc1C(C)C,10.31
NS(=O)(=O)c1ccc(CCCCO)cc1,10.32
Fc1ccc(NC(=S)c2cccc(Br)c2)cc1,10.32
Oc1ccc2c(c1)CCCC2,10.33
CCCc1ccc(O)cc1,10.34
Cc1ccc(C(C)C)cc1O,10.35
Cc1ccc(O)cc1C,10.36
O=C1CSc2ncnc(N3CCOCC3)c2N1,10.37
O=NCc1ccc(O)cc1,10.375
CC(C)(C)c1ccc(O)cc1,10.39
COc1ccccc1-c1ccccc1O,10.4
O=C(Nc1cc(Cl)ccc1O)OCC(Cl)Cl,10.4
Nc1ccc(O)c(N)c1,10.4
Cc1cc(N)c(O)cc1C,10.4
Cc1ccc(C)c(O)c1,10.41
Fc1ccc(NC(=S)c2ccc(Cl)cc2)cc1,10.41
S=C(Nc1ccc(Br)cc1)c1ccccc1,10.42
C=C(C)C=C(C)O,10.42
CC(C)(C)Cc1ccc(O)cc1,10.43
Cn1c(N)nc2nc[nH]c2c1=O,10.43
Nc1ccc(O)cc1,10.45
O=c1cccn[nH]1,10.46
Oc1cccc2c1CCCC2,10.46
CC(C)c1ccccc1O,10.47
CCCc1ccccc1O,10.47
Oc1ccc(OCc2ccccc2)cc1,10.47
COc1cc(CN)ccc1O,10.47
CC(=O)OCCCCc1ccc(S(N)(=O)=O)cc1,10.48
Cc1cccc2c1C(=O)NC2=O,10.49
S=C(Nc1ccccc1)c1cccc(Br)c1,10.49
CC(C)Cc1ccccc1O,10.5
CC(=O)c1ccccc1NN=C1C(=O)CC(C)(C)CC1=O,10.5
CN(C)c1ncnc2nc[nH]c12,10.5
C=CCc1c(C)nn(C)c1O,10.5
Nc1cccc(N)c1O,10.5
CCCc1c(C)[nH][n+](C)c1[O-],10.5
Oc1ccc(F)cc1CN1CCOCC1,10.52
Cc1cccc(O)c1C,10.54
CN(C)C=Nc1ccc(O)cc1,10.54
COc1c(O)cccc1CN,10.54
CNc1ncnc2[nH]ncc12,10.55
Cc1cc(C(C)C)ccc1O,10.56
CCCS,10.56
C[n+]1ccccc1C(C)(O)O,10.57
CCCCc1ccccc1O,10.58
CONc1cc(=O)n(C)c(=O)n1C,10.58
O=[N+]([O-])c1ccc2[nH]cnc2c1,10.58
Cc1cc(C(C)(C)C)ccc1O,10.59
Cc1ccc(O)c(C)c1C,10.59
Cc1ccc(O)c(C)c1,10.6
Cc1cc(C)c2cccc(O)c2n1,10.6
COC(=O)CC(C)=O,10.6
Nc1ccc(S(N)(=O)=O)cc1,10.6
CCc1ccc(C(C)C)cc1O,10.61
CNCCc1ccc(O)c(O)c1,10.61
Cc1ccc(C(C)C)c(O)c1,10.62
Cc1cccc(C)c1O,10.62
Cc1ccc(S(=O)(=O)NCCC(=N)N(C)C)cc1,10.62
Cc1ccc(C(=S)Nc2cccc(F)c2)cc1,10.63
Oc1ccccc1-c1ccccn1,10.63
NCCc1ccc(O)c(O)c1,10.63
NC(=O)NO,10.65
CCOC(=O)CC(C)=O,10.66
Cc1cc(C)c(C)c(O)c1,10.67
ONc1ccccc1,10.68
CC(C)(C)Cc1ccccc1O,10.69
CNS(=O)(=O)c1ccc(C(F)(F)F)cc1,10.7
CCC(=NO)NO,10.7
ON=C(Cc1ccccc1)NO,10.7
O=S(=O)(NCc1ccccc1)c1ccc(Br)cc1,10.71
S=C(NC(=S)c1ccccc1)Nc1ccccc1,10.72
Nc1nc[nH]n1,10.72
Cc1ccc(O)c(C(C)C)c1,10.73
CCOC(=O)CC(=O)c1ccc(C)cc1,10.73
CC(=NO)NO,10.75
NC(=S)Nc1ccc([N+](=O)[O-])cc1,10.75
Cc1cc(C)c(C(C)C)cc1O,10.76
S=C(Nc1ccccc1)c1ccc(Cl)cc1,10.76
CNc1ccc(S(N)(=O)=O)cc1,10.77
CCc1cc(C(C)C)ccc1O,10.77
Fc1ccc(NC(=S)c2ccccc2)cc1,10.77
Nc1nc(N)c2[nH]cnc2n1,10.77
Cn1c(=S)[nH]c2cc3c(cc21)CCCC3,10.78
CCCCS,10.78
FC(F)(F)c1cccc(NC=S)c1,10.78
Cc1cc(O)c(C(C)C)cc1C,10.79
Nc1nc(N)c2[nH]c(N)nc2n1,10.79
CC(=O)C(C)C(C)=O,10.79
CN1C(=O)C(C)(C)NC1=S,10.8
Cc1ccc(C(=S)Nc2ccc(Cl)cc2)cc1,10.8
S=CNc1ccc(Cl)cc1,10.8
S=CNc1cccc(Cl)c1,10.8
CS(N)(=O)=O,10.8
Cc1ccc(C(=S)Nc2ccc(Br)cc2)cc1,10.81
Cc1ccc(NC(=S)c2ccccc2)cc1,10.81
COC(=O)c1cccc(NC=S)c1,10.81
CCc1ccc(O)c(C(C)C)c1,10.82
CCN(CC)Cc1ccccc1O,10.82
Oc1ccccc1CN1CCCC1,10.83
Nc1cc(N)c2cccnc2c1O,10.83
Oc1ccccc1C1CCNCCNCCCNCCN1,10.84
Nc1ncnc2[nH]ncc12,10.84
CCN(CC)Cc1cc(C)ccc1O,10.84
Oc1ccc(O)cc1,10.85
CCc1c(O)ccc(C(C)C)c1C,10.85
S=C(Nc1ccc(Cl)cc1)c1ccccc1,10.85
C=C(C)C=C(O)C=C(C)C,10.85
Cc1cc(C)c(O)c(C)c1,10.86
CCN(CC)Cc1cc(OC)ccc1O,10.86
Cc1ccccc1C(=S)Nc1ccccc1,10.87
Oc1cccc2c1Nc1ccccc1N2,10.88
Cc1ccc(NC(=S)c2cccc(Br)c2)cc1,10.89
Fc1cccc(NC=S)c1,10.89
Nc1ccc(S(=O)(=O)NCc2ccco2)cc1,10.89
NC(=S)C(N)=S,10.89
Cc1cc(C(C)C)cc(C)c1O,10.9
Cn1nc(-c2ccccc2)cc1O,10.9
Cc1nn(C)c(O)c1-c1ccccc1,10.9
Cc1nn(C)c(O)c1Cc1ccccc1,10.9
COc1cccc(OC)c1-c1nc2cnccc2[nH]1,10.9
CCNc1ncnc2[nH]ncc12,10.9
CCc1cc(C(C)C)c(O)cc1C,10.91
COc1ccc(C(=S)Nc2ccc(Cl)cc2)cc1,10.93
c1ccc(CNc2ncnc3[nH]ncc23)cc1,10.93
Oc1c(C(Nc2nc3ccccc3s2)c2ccccn2)ccc2cccnc12,10.94
COc1ccc(C(=S)Nc2ccc(Br)cc2)cc1,10.95
COC(=O)c1ccc(NC=S)cc1,10.95
CNS(=O)(=O)c1ccc(Cl)cc1,10.96
CN(C)Cc1ccccc1O,10.96
Cc1ccc(C(=S)Nc2ccc(F)cc2)cc1,10.97
C=C(C=C(C)O)C(C)(C)C,10.97
CC(C)Nc1ncnc2[nH]ncc12,10.99
CCCCNC(=O)NO,11
Nc1c2c(ncn2Cc2ccccc2)nc[n+]1[O-],11
CN(C)c1ncnc2[nH]ncc12,11
CC(C)(S)CN,11
CN(C)C=Nc1ccccc1O,11.02
CC(C)CC(C)CC(C)c1ccc(O)cc1,11.06
CC(=S)Nc1ccc(Cl)cc1,11.06
COc1cccc(CN)c1O,11.06
Nc1ccc(-c2ccc(N=Cc3ccccc3O)cc2)cc1,11.07
c1cnc2nc[nH]c2c1,11.08
N#CCC(=O)NN,11.08
CC(C)c1cccc(C(C)C)c1O,11.1
Cc1cccc(CN(C)C)c1O,11.1
NC(=S)Nc1cccc([N+](=O)[O-])c1,11.1
Cc1n[nH]c2ncnc(N)c12,11.11
O=c1cc[nH]cc1,11.12
CC(=O)C(C)C(=O)c1ccccc1,11.13
O=C1CCCC2CCCC(=O)C12,11.13
CC(C)(C)S,11.14
Cc1cc(C)c(O)c(C(C)C)c1,11.18
OC(CBr)(Oc1ccccc1)c1ccccc1,11.18
CN(C)c1ccc(C(=S)Nc2ccccc2)cc1,11.18
CC1CC(C)C(=O)C(C(O)CC2CC(=O)NC(=O)C2)C1,11.2
C=CC(C)=CC(C)C(=O)CC(O)CC1CC(=O)NC(=O)C1,11.2
c1cncc(-c2nc3ccccc3[nH]2)c1,11.21
CCCCNc1ncnc2[nH]ncc12,11.21
O=C1CC(c2ccccc2)NC(=O)N1,11.22
Cc1ccc(O)c(CN(C)C)c1,11.22
CN1C(=O)C2(CCCCC2)NC1=S,11.23
Cc1ccc(OC(O)(CBr)c2ccccc2)cc1,11.23
Fc1ccc(NC=S)cc1,11.25
CN1Cc2[nH]cnc2N(C)C1=O,11.25
COc1ccc(NC(=S)c2ccc(Cl)cc2)cc1,11.26
COc1cccc(OC)c1-c1nc2ncccc2[nH]1,11.26
COc1ccc(C(=S)Nc2ccccc2)cc1,11.27
CNc1nc(C)nc2[nH]ncc12,11.27
Cc1nn(-c2ccccc2)c(O)c1C,11.3
Cc1[nH]n(-c2ccccc2)c(=O)c1C,11.3
NNC(=O)CF,11.3
CCC(C(C)=O)C(C)=O,11.33
CC(C)CNC(c1ccccc1)C(O)c1ccccc1,11.34
COc1ccc(NC(=S)c2ccccc2)cc1,11.36
CCOC(C)=NO,11.37
CN1CC(=O)NC1=O,11.4
Cc1[nH]nc(O)c1-c1ccccc1,11.4
Oc1c2c(nn1-c1ccccc1)CCCC2,11.4
CCCc1c(C)nn(-c2ccccc2)c1O,11.4
CC(C)N(Cc1ccccc1O)C(C)C,11.4
CNc1nc(SC)nc2[nH]ncc12,11.4
CCCCc1c(C)nn(-c2ccccc2)c1O,11.4
OCc1nc2cc(Cl)ccc2[nH]1,11.46
CN(C)Cc1cc(C(C)(C)C)ccc1O,11.48
CN(C)Cc1cc(CC(C)(C)C)ccc1O,11.48
CN(C)Cc1cc(OCc2ccccc2)ccc1O,11.48
COc1ccc(O)c(CN(C)C)c1,11.48
CCSC(O)O,11.48
Cc1ccc(C(=S)Nc2ccccc2)cc1,11.5
CCc1c(C)nn(-c2ccccc2)c1O,11.5
NNC(=O)c1cccnc1,11.5
Cc1ccc2[nH]c(CO)nc2c1,11.5
c1ccc(CNc2nnc(-c3ccccc3)s2)cc1,11.5
COO,11.5
O=C1NCc2[nH]cnc2N1,11.52
CCNC(=S)OC(C)C,11.52
COc1ccc(S(=O)(=O)NCc2ccccc2)cc1,11.53
Cc1cccc(NC=S)c1,11.55
CC(=O)c1cc(C)c(C)cc1O,11.56
CC(=S)Nc1ccccc1,11.56
CNC(=S)OC(C)C,11.56
Cc1nn(-c2ccccc2)c(O)c1C(C)C,11.6
Cc1nn(-c2ccccc2)c(O)c1C1CCCCC1,11.6
Oc1nc2cc3ccccc3cc2[nH]1,11.62
Cc1ccc(NC=S)cc1,11.64
O=c1cccc[nH]1,11.68
O=C(c1ccc([N+](=O)[O-])cc1)c1cc[nH]n1,11.68
CC(C)(C)c1cccc(C(C)(C)C)c1O,11.7
O=C1CCN(Cc2ccccc2)C(=O)N1,11.7
COc1cnccc1C(O)O,11.7
CC(C)(C)c1ccc(O)c(C(C)(C)C)c1,11.72
Cc1ccc(O)c(C(C)(C)C)c1,11.72
COc1ccc(NC=S)cc1,11.74
CC(C)(C)C(=O)CC(=O)C(C)(C)C,11.77
CN(C)c1cccc(NC=S)c1,11.78
CC(C)NC(c1ccccc1)C(O)c1ccccc1,11.79
OC(c1ccncc1)(c1ccncc1)c1ccncc1,11.8
CC(=O)C(C)C(=O)C(C)C,11.8
Cc1nn(-c2ccccc2)c(O)c1Cc1ccccc1,11.8
CCOC(=O)C(Cc1ccccc1)C(C)=O,11.81
CC(C)(C)c1cc(/C=C/Cl)cc(C(C)(C)C)c1O,11.82
CC(C)(C)c1cc(C=CCl)cc(C(C)(C)C)c1O,11.82
NNC(=O)c1ccccn1,11.84
NC(=S)c1ccc([N+](=O)[O-])cc1,11.84
COc1ccc(NC(=S)c2ccc(OC)cc2)cc1,11.85
CC(=O)c1ccn[nH]1,11.85
CC(=O)c1cc[nH]n1,11.85
CN1CCC(=O)NC1=O,11.86
O=C(c1ccc(Cl)cc1)c1ccn[nH]1,11.87
CCOC(=O)C(Cc1ccc(C)cc1)C(C)=O,11.88
O=C1Nc2ccccc2C1=O,11.9
CNC(=N)CCNS(=O)(=O)c1ccc(C)cc1,11.9
CCOC(=O)C1CCCCC1=O,11.9
COc1ccc(NC(C)=S)cc1,11.96
O=C(c1ccccc1)c1ccn[nH]1,11.97
O=C(c1ccccc1)c1cc[nH]n1,11.97
OCCC[n+]1cc(Br)c2ccccc2c1,11.99
NC(=S)Nc1cccc(Cl)c1,12
C=C(C)C(C)=C(C)O,12.01
Cc1ccc(C(=O)c2cc[nH]n2)cc1,12.02
COc1cc(S(C)=O)ccc1-c1nc2[nH]ncc2[nH]1,12.02
Cc1cc(C)c(O)c(C(C)(C)C)c1,12.04
c1ccc(-c2nc3ccccc3[nH]2)nc1,12.05
OCc1nc2ccccc2[nH]1,12.09
CC(=O)c1cccc(NC(N)=S)c1,12.1
CCSC(C)(O)O,12.13
COCC(=O)NN,12.14
S=C(NCc1ccccc1)c1ccccc1,12.16
CC(C)(C)c1cc(C(C)(C)C)c(O)c(C(C)(C)C)c1,12.19
OC(O)c1ccncc1,12.2
Oc1nc2cc3c(cc2[nH]1)CCCC3,12.21
Cc1cc(C(C)(C)C)c(O)c(C(C)(C)C)c1,12.23
CCc1c(O)nn(-c2ccccc2)c1C,12.3
COc1cc(C(N)=O)ccc1-c1nc2nn(C)cc2[nH]1,12.3
Cc1nc2c(N)cccc2[nH]1,12.3
S=CNCc1ccccc1,12.3
NC(=S)Nc1ccc(Cl)cc1,12.3
Cc1cc(C(F)(F)F)n[nH]1,12.33
NC(=S)Nc1ccc(Br)cc1,12.35
CCOC(=O)c1ccccc1-n1nc(O)c(CC)c1C,12.4
CO[n+]1ccccc1N,12.4
OC(O)c1ccccc1,12.43
OC(c1ccncc1)(c1ccncc1)c1ccccn1,12.44
NNC(=O)c1ccccc1,12.45
NNC(=O)c1cccc(N)c1,12.45
NC(=S)c1ccc(Br)cc1,12.46
c1ccc2cc3[nH]cnc3cc2c1,12.52
c1ccc2c(c1)ccc1nc[nH]c12,12.54
CC1=NCCc2c1[nH]c1ccc([N+](=O)[O-])cc21,12.55
c1ccc(-c2c[nH]c(-c3ccccc3)n2)cc1,12.6
c1ccc2[nH]cnc2c1,12.63
S=C(N=Nc1ccc2ccccc2c1)NNc1ccc2ccccc2c1,12.68
Brc1cn[nH]c1,12.69
CCOC(=O)C(CC)C(C)=O,12.74
Nc1nc2cc3ccccc3cc2[nH]1,12.8
CC(C)CNC=S,12.8
NNC(=O)c1ccccc1N,12.8
NCc1nc2ccccc2[nH]1,12.8
OCO,12.83
OC(c1ccccc1)c1ccccn1,12.85
CCc1nc2cc3ccccc3cc2[nH]1,12.9
COc1cccnc1C(O)O,12.95
O=C1CC(Sc2ccc([N+](=O)[O-])cc2)N1,12.97
CSc1nc2cc3c(cc2[nH]1)CCCC3,13
CC(=S)NCc1ccccc1,13
OCC(Cl)Cl,13.18
C#CCO,13.28
O=C1CC(Sc2ccccc2)N1,13.33
Cc1ccc(SC2CC(=O)N2)cc1,13.45
COc1ccc2c(c1)[nH]c1c(C)nccc12,13.46
NC(=O)Nc1ccc([N+](=O)[O-])cc1,14
O=C(CCc1nc2ccccc2c(=O)[nH]1)[N-]c1ncc(Cc2ccc(F)c(F)c2)s1,11.02
